;;PZ_AP_13;;;;;;;PZ_AP_29_S;;;;;;;PZ_AP_30_R;;;;;;;PZ_AP_31_R;;;;;;;PZ_AP_32_S;;;;;;;PZ_AP_33_R;;;;;;;PZ_AP_34_S;;;;;;FJ-24;;;;;;;SM-29;;;;;;;SM-30;;;;;;;SM-32;;;;;;;INA_AP_13;;;;;;;GST-APAM-01;;;;;;;GST-APAM-03;;;;;;;INA_AP_22;;;;;;;GST-APAM-05;;;;;;;INA_AP_21;;;;;;;GST-APAM-04;;;;;;;INA_AP_26;;;;;;;;GST-APAM-06;;;;;;;GST-APAM-02;;;;;
DATA;;Leitura ;Cota ;Terreno;Boca ;Fundo;Pronfundidade ;;Leitura ;Cota ;Terreno;Boca ;Fundo;Pronfundidade ;;Leitura ;Cota ;Terreno;Boca ;Fundo;Pronfundidade ;;Leitura ;Cota ;Terreno;Boca ;Fundo;Pronfundidade ;;Leitura ;Cota ;Terreno;Boca ;Fundo;Pronfundidade ;;Leitura ;Cota ;Terreno;Boca ;Fundo;Pronfundidade ;;Leitura ;Cota ;Terreno;Boca ;Fundo;Pronfundidade ;Leitura ;Cota;Terreno;Boca ;Fundo;Pronfundidade ;;Leitura ;Cota;Terreno;Boca ;Fundo;Pronfundidade ;;Leitura ;Cota;Terreno;Boca ;Fundo;Pronfundidade ;;Leitura ;Cota;Terreno;Boca ;Fundo;Pronfundidade ;;Leitura ;Cota ;Terreno;Boca ;Fundo;Pronfundidade ;;Leitura ;Cota;Terreno;Boca ;Fundo;Pronfundidade ;;Leitura ;Cota;Terreno;Boca ;Fundo;Pronfundidade ;;Leitura ;Cota ;Terreno;Boca ;Fundo;Pronfundidade ;;Leitura ;Cota;Terreno;Boca ;Fundo;Pronfundidade ;;Leitura ;Cota ;Terreno;Boca ;Fundo;Pronfundidade ;;Leitura ;Cota;Terreno;Boca ;Fundo;Pronfundidade ;;Leitura ;Cota;Terreno;Boca ;Fundo;Pronfundidade ;;;Leitura ;Cota;Terreno;Boca ;Fundo;Pronfundidade ;;Leitura ;Cota;Terreno;Boca ;Fundo;Pronfundidade 
05/02/2021;;13,24;940,46;953,04;953,70;927,51;26,19;;;;976,42;976,82;955,42;21,40;;;;976,23;976,65;922,25;54,40;;;;1032,82;1033,35;968,55;64,80;;;1033,40;1032,96;1033,40;996,20;37,20;;;;1012,58;1012,88;960,58;52,30;;;;1012,56;1012,87;989,72;23,15;;;;;;;;6,62;950,26;955,88;956,88;949,77;7,11;;10,3;964,07;973,19;974,37;962,81;11,56;;6,7;967,20;972,88;973,90;965,60;8,30;;6,18;947,61;953,14;953,79;944,86;8,93;;;;;;;;;;;;;;;;10,8;945,71;955,68;956,51;940,96;15,55;;;;;;;;;12,61;926,94;938,68;939,55;914,85;24,70;;;;;;;;;20,72;920,93;940,85;941,65;926,10;15,55;;;;;;;;;;;;;;;
08/02/2021;;;;953,04;953,70;927,51;26,19;;12,33;964,49;976,42;976,82;955,42;21,40;;15,6;961,05;976,23;976,65;922,25;54,40;;23,85;1009,50;1032,82;1033,35;968,55;64,80;;25,60;;1032,96;1033,40;996,20;37,20;;25,49;987,39;1012,58;1012,88;960,58;52,30;;22,34;990,53;1012,56;1012,87;989,72;23,15;;;;;;;;;;;;;;;;;973,19;974,37;962,81;11,56;;;;972,88;973,90;965,60;8,30;;;;953,14;953,79;944,86;8,93;;;;;;;;;;;;;;;;;;;;;;;;;;;;;;;;938,68;939,55;914,85;24,70;;;;;;;;;;;;;;;;;;;;;;;;;;;;;
23/02/2021;;13,13;940,57;953,04;953,70;927,51;26,19;;12,39;964,43;976,42;976,82;955,42;21,40;;15,56;961,09;976,23;976,65;922,25;54,40;;23,81;1009,54;1032,82;1033,35;968,55;64,80;;25,56;1007,84;1032,96;1033,40;996,20;37,20;;24,25;988,63;1012,58;1012,88;960,58;52,30;;22,74;990,13;1012,56;1012,87;989,72;23,15;;;;;;;;6,42;950,46;955,88;956,88;949,77;7,11;;10,13;964,24;973,19;974,37;962,81;11,56;;6,53;967,37;972,88;973,90;965,60;8,30;;6,03;947,76;953,14;953,79;944,86;8,93;;;;;;;;;;;;;;;;10,89;945,62;955,68;956,51;940,96;15,55;;;;;;;;;11,37;928,18;938,68;939,55;914,85;24,70;;;;;;;;;20,66;920,99;940,85;941,65;926,10;15,55;;;;;;;;;;;;;;;
08/02/2021;;13,03;940,67;953,04;953,70;927,51;26,19;;12,37;964,45;976,42;976,82;955,42;21,40;;15,43;961,22;976,23;976,65;922,25;54,40;;23,84;1009,51;1032,82;1033,35;968,55;64,80;;25,57;1007,83;1032,96;1033,40;996,20;37,20;;25,2;987,68;1012,58;1012,88;960,58;52,30;;23,15;989,72;1012,56;1012,87;989,72;23,15;;;;;;;;6,29;950,59;955,88;956,88;949,77;7,11;;10,12;964,25;973,19;974,37;962,81;11,56;;6,55;967,35;972,88;973,90;965,60;8,30;;5,79;948,00;953,14;953,79;944,86;8,93;;;;;;;;;;;;;;;;10,85;945,66;955,68;956,51;940,96;15,55;;;;;;;;;10,11;929,44;938,68;939,55;914,85;24,70;;;;;;;;;20,66;920,99;940,85;941,65;926,10;15,55;;;;;;;;;;;;;;;
09/02/2021;;;;953,04;953,70;927,51;26,19;;12,37;964,45;976,42;976,82;955,42;21,40;;15,43;961,22;976,23;976,65;922,25;54,40;;23,84;1009,51;1032,82;1033,35;968,55;64,80;;25,57;1007,83;1032,96;1033,40;996,20;37,20;;25,2;987,68;1012,58;1012,88;960,58;52,30;;23,15;989,72;1012,56;1012,87;989,72;23,15;;;;;;;;;;955,88;956,88;949,77;7,11;;;;973,19;974,37;962,81;11,56;;;;972,88;973,90;965,60;8,30;;;;953,14;953,79;944,86;8,93;;;;;;;;;;;;;;;;;;955,68;956,51;940,96;15,55;;;;;;;;;;;938,68;939,55;914,85;24,70;;;;;;;;;;;940,85;941,65;926,10;15,55;;;;;;;;;;;;;;;
23/02/2021;;12,73;940,97;953,04;953,70;927,51;26,19;;12,32;964,50;976,42;976,82;955,42;21,40;;15,34;961,31;976,23;976,65;922,25;54,40;;23,73;1009,62;1032,82;1033,35;968,55;64,80;;25,53;1007,87;1032,96;1033,40;996,20;37,20;;25,19;987,69;1012,58;1012,88;960,58;52,30;;22,34;990,53;1012,56;1012,87;989,72;23,15;;;;;;;;6,12;950,76;955,88;956,88;949,77;7,11;;9,95;964,42;973,19;974,37;962,81;11,56;;6,45;967,45;972,88;973,90;965,60;8,30;;5,59;948,20;953,14;953,79;944,86;8,93;;;;;;;;;;;;;;;;9,72;946,79;955,68;956,51;940,96;15,55;;;;;;;;;12,17;927,38;938,68;939,55;914,85;24,70;;;;;;;;;20,65;921,00;940,85;941,65;926,10;15,55;;;;;;;;;;;;;;;
01/03/2021;;12,60;941,10;953,04;953,70;927,51;26,19;;12,31;964,51;976,42;976,82;955,42;21,40;;15,56;961,09;976,23;976,65;922,25;54,40;;23,71;1009,64;1032,82;1033,35;968,55;64,80;;25,50;1007,90;1032,96;1033,40;996,20;37,20;;25,16;987,72;1012,58;1012,88;960,58;52,30;;22,35;990,52;1012,56;1012,87;989,72;23,15;;;;;;;;6,02;950,86;955,88;956,88;949,77;7,11;;9,84;964,53;973,19;974,37;962,81;11,56;;6,40;967,50;972,88;973,90;965,60;8,30;;5,59;948,20;953,14;953,79;944,86;8,93;;;;;;;;;;;;;;;;9,92;946,59;955,68;956,51;940,96;15,55;;;;;;;;;12,18;927,37;938,68;939,55;914,85;24,70;;;;;;;;;20,60;921,05;940,85;941,65;926,10;15,55;;;;;;;;;;;;;;;
02/03/2021;;12,99;940,71;953,04;953,70;927,51;26,19;;12,41;964,41;976,42;976,82;955,42;21,40;;15,68;960,97;976,23;976,65;922,25;54,40;;23,61;1009,74;1032,82;1033,35;968,55;64,80;;25,42;1007,98;1032,96;1033,40;996,20;37,20;;22,34;990,54;1012,58;1012,88;960,58;52,30;;25,15;987,72;1012,56;1012,87;989,72;23,15;;;;;;;;6,28;950,60;955,88;956,88;949,77;7,11;;9,68;964,69;973,19;974,37;962,81;11,56;;6,56;967,34;972,88;973,90;965,60;8,30;;5,75;948,04;953,14;953,79;944,86;8,93;;;;;;;;;;;;;;;;11,12;945,39;955,68;956,51;940,96;15,55;;;;;;;;;14,91;924,64;938,68;939,55;914,85;24,70;;;;;;;;;20,67;920,98;940,85;941,65;926,10;15,55;;;;;;;;;;;;;;;
09/03/2021;;13,27;940,43;953,04;953,70;927,51;26,19;;12,51;964,31;976,42;976,82;955,42;21,40;;15,79;960,86;976,23;976,65;922,25;54,40;;23,59;1009,76;1032,82;1033,35;968,55;64,80;;25,39;1008,01;1032,96;1033,40;996,20;37,20;;25,43;987,45;1012,58;1012,88;960,58;52,30;;22,33;990,54;1012,56;1012,87;989,72;23,15;;;;;;;;6,50;950,38;955,88;956,88;949,77;7,11;;9,84;964,53;973,19;974,37;962,81;11,56;;6,77;967,13;972,88;973,90;965,60;8,30;;6,10;947,69;953,14;953,79;944,86;8,93;;;;;;;;;;;;;;;;11,27;945,24;955,68;956,51;940,96;15,55;;;;;;;;;15,25;924,30;938,68;939,55;914,85;24,70;;;;;;;;;20,74;920,91;940,85;941,65;926,10;15,55;;;;;;;;;;;;;;;
22/03/2021;;14,73;938,97;953,04;953,70;927,51;26,19;;12,60;964,22;976,42;976,82;955,42;21,40;;15,87;960,78;976,23;976,65;922,25;54,40;;23,52;1009,83;1032,82;1033,35;968,55;64,80;;25,34;1008,06;1032,96;1033,40;996,20;37,20;;25,09;987,79;1012,58;1012,88;960,58;52,30;;22,30;990,57;1012,56;1012,87;989,72;23,15;;;;;;;;7,72;949,16;955,88;956,88;949,77;7,11;;9,70;964,67;973,19;974,37;962,81;11,56;;6,94;966,96;972,88;973,90;965,60;8,30;;6,55;947,24;953,14;953,79;944,86;8,93;;;;;;;;;;;;;;;;11,44;945,07;955,68;956,51;940,96;15,55;;;;;;;;;15,35;924,20;938,68;939,55;914,85;24,70;;;;;;;;;20,81;920,84;940,85;941,65;926,10;15,55;;;;;;;;;;;;;;;
19/04/2021;;14,95;938,75;953,04;953,70;927,51;26,19;;12,72;964,10;976,42;976,82;955,42;21,40;;15,96;960,69;976,23;976,65;922,25;54,40;;23,57;1009,78;1032,82;1033,35;968,55;64,80;;25,35;1008,05;1032,96;1033,40;996,20;37,20;;25,11;987,77;1012,58;1012,88;960,58;52,30;;22,31;990,56;1012,56;1012,87;989,72;23,15;;;;;;;;6,75;950,13;955,88;956,88;949,77;7,11;;9,51;964,86;973,19;974,37;962,81;11,56;;7,05;966,85;972,88;973,90;965,60;8,30;;6,89;946,90;953,14;953,79;944,86;8,93;;;;;;;;;;;;;;;;11,53;944,98;955,68;956,51;940,96;15,55;;;;;;;;;15,73;923,82;938,68;939,55;914,85;24,70;;;;;;;;;20,90;920,75;940,85;941,65;926,10;15,55;;;;;;;;;;;;;;;
03/05/2021;;15,14;938,56;953,04;953,70;927,51;26,19;;12,83;963,99;976,42;976,82;955,42;21,40;;16,05;960,60;976,23;976,65;922,25;54,40;;23,46;1009,89;1032,82;1033,35;968,55;64,80;;25,31;1008,09;1032,96;1033,40;996,20;37,20;;25,08;987,80;1012,58;1012,88;960,58;52,30;;22,32;990,55;1012,56;1012,87;989,72;23,15;;;;;;;;6,81;950,07;955,88;956,88;949,77;7,11;;9,46;964,91;973,19;974,37;962,81;11,56;;7,31;966,59;972,88;973,90;965,60;8,30;;7,19;946,60;953,14;953,79;944,86;8,93;;;;;;;;;;;;;;;;11,59;944,92;955,68;956,51;940,96;15,55;;;;;;;;;16,16;923,39;938,68;939,55;914,85;24,70;;;;;;;;;20,96;920,69;940,85;941,65;926,10;15,55;;;;;;;;;;;;;;;
18/05/2021;;15,45;938,25;953,04;953,70;927,51;26,19;;;;976,42;976,82;955,42;21,40;;;;976,23;976,65;922,25;54,40;;;;1032,82;1033,35;968,55;64,80;;;1033,40;1032,96;1033,40;996,20;37,20;;;;1012,58;1012,88;960,58;52,30;;;;1012,56;1012,87;989,72;23,15;;;;;;;;6,75;950,13;955,88;956,88;949,77;7,11;;9,48;964,89;973,19;974,37;962,81;11,56;;7,52;966,38;972,88;973,90;965,60;8,30;;7,48;946,31;953,14;953,79;944,86;8,93;;;;;;;;;;;;;;;;11,65;944,86;955,68;956,51;940,96;15,55;;;;;;;;;16,33;923,22;938,68;939,55;914,85;24,70;;;;;;;;;21,05;920,60;940,85;941,65;926,10;15,55;;;;;;;;;;;;;;;
31/05/2021;;15,72;937,98;953,04;953,70;927,51;26,19;;14,16;962,66;976,42;976,82;955,42;21,40;;17,33;959,32;976,23;976,65;922,25;54,40;;23,43;1009,92;1032,82;1033,35;968,55;64,80;;25,30;1008,10;1032,96;1033,40;996,20;37,20;;25,21;987,67;1012,58;1012,88;960,58;52,30;;22,36;990,51;1012,56;1012,87;989,72;23,15;;;;;;;;6,74;950,14;955,88;956,88;949,77;7,11;;9,49;964,88;973,19;974,37;962,81;11,56;;7,76;966,14;972,88;973,90;965,60;8,30;;7,84;945,95;953,14;953,79;944,86;8,93;;;;;;;;;;;;;;;;11,73;944,78;955,68;956,51;940,96;15,55;;;;;;;;;16,72;922,83;938,68;939,55;914,85;24,70;;;;;;;;;21,13;920,52;940,85;941,65;926,10;15,55;;;;;;;;;;;;;;;
14/06/2021;;15,96;937,74;953,04;953,70;927,51;26,19;;13,16;963,66;976,42;976,82;955,42;21,40;;16,31;960,34;976,23;976,65;922,25;54,40;;23,42;1009,93;1032,82;1033,35;968,55;64,80;;25,29;1008,11;1032,96;1033,40;996,20;37,20;;25,24;987,64;1012,58;1012,88;960,58;52,30;;22,35;990,52;1012,56;1012,87;989,72;23,15;;;;;;;;6,75;950,13;955,88;956,88;949,77;7,11;;9,31;965,06;973,19;974,37;962,81;11,56;;7,96;965,94;972,88;973,90;965,60;8,30;;8,13;945,66;953,14;953,79;944,86;8,93;;;;;;;;;;;;;;;;11,81;944,70;955,68;956,51;940,96;15,55;;;;;;;;;16,71;922,84;938,68;939,55;914,85;24,70;;;;;;;;;21,22;920,43;940,85;941,65;926,10;15,55;;;;;;;;;;;;;;;
28/06/2021;;16,21;937,49;953,04;953,70;927,51;26,19;;13,16;963,66;976,42;976,82;955,42;21,40;;16,31;960,34;976,23;976,65;922,25;54,40;;23,42;1009,93;1032,82;1033,35;968,55;64,80;;25,29;1008,11;1032,96;1033,40;996,20;37,20;;25,24;987,64;1012,58;1012,88;960,58;52,30;;22,35;990,52;1012,56;1012,87;989,72;23,15;;;;;;;;6,78;950,10;955,88;956,88;949,77;7,11;;9,32;965,05;973,19;974,37;962,81;11,56;;8,18;965,72;972,88;973,90;965,60;8,30;;8,35;945,44;953,14;953,79;944,86;8,93;;;;;;;;;;;;;;;;11,89;944,62;955,68;956,51;940,96;15,55;;;;;;;;;20,47;919,08;938,68;939,55;914,85;24,70;;;;;;;;;21,33;920,32;940,85;941,65;926,10;15,55;;;;;;;;;;;;;;;
12/07/2021;;16,37;937,33;953,04;953,70;927,51;26,19;;13,36;963,46;976,42;976,82;955,42;21,40;;16,51;960,14;976,23;976,65;922,25;54,40;;23,47;1009,88;1032,82;1033,35;968,55;64,80;;25,29;1008,11;1032,96;1033,40;996,20;37,20;;25,47;987,41;1012,58;1012,88;960,58;52,30;;22,27;990,60;1012,56;1012,87;989,72;23,15;;;;;;;;6,78;950,10;955,88;956,88;949,77;7,11;;9,51;964,86;973,19;974,37;962,81;11,56;;8,32;965,58;972,88;973,90;965,60;8,30;;8,57;945,22;953,14;953,79;944,86;8,93;;;;;;;;;;;;;;;;11,96;944,55;955,68;956,51;940,96;15,55;;;;;;;;;20,57;918,98;938,68;939,55;914,85;24,70;;;;;;;;;21,41;920,24;940,85;941,65;926,10;15,55;;;;;;;;;;;;;;;
26/07/2021;;16,61;937,09;953,04;953,70;927,51;26,19;;13,49;963,33;976,42;976,82;955,42;21,40;;16,85;959,80;976,23;976,65;922,25;54,40;;23,53;1009,82;1032,82;1033,35;968,55;64,80;;25,44;1007,96;1032,96;1033,40;996,20;37,20;;25,47;987,41;1012,58;1012,88;960,58;52,30;;22,29;990,58;1012,56;1012,87;989,72;23,15;;;;;;;;6,75;950,13;955,88;956,88;949,77;7,11;;9,52;964,85;973,19;974,37;962,81;11,56;;8,64;965,26;972,88;973,90;965,60;8,30;;8,94;944,85;953,14;953,79;944,86;8,93;;;;;;;;;;;;;;;;12,11;944,40;955,68;956,51;940,96;15,55;;;;;;;;;20,87;918,68;938,68;939,55;914,85;24,70;;;;;;;;;21,55;920,10;940,85;941,65;926,10;15,55;;;;;;;;;;;;;;;
09/08/2021;;16,83;936,87;953,04;953,70;927,51;26,19;;13,59;963,23;976,42;976,82;955,42;21,40;;16,97;959,68;976,23;976,65;922,25;54,40;;23,61;1009,74;1032,82;1033,35;968,55;64,80;;25,52;1007,88;1032,96;1033,40;996,20;37,20;;25,79;987,09;1012,58;1012,88;960,58;52,30;;22,26;990,61;1012,56;1012,87;989,72;23,15;;;;;;;;6,73;950,15;955,88;956,88;949,77;7,11;;9,52;964,85;973,19;974,37;962,81;11,56;;8,85;965,05;972,88;973,90;965,60;8,30;;8,95;944,84;953,14;953,79;944,86;8,93;;;;;;;;;;;;;;;;12,22;944,29;955,68;956,51;940,96;15,55;;;;;;;;;21,02;918,53;938,68;939,55;914,85;24,70;;;;;;;;;21,68;919,97;940,85;941,65;926,10;15,55;;;;;;;;;;;;;;;
23/08/2021;;16,94;936,76;953,04;953,70;927,51;26,19;;13,49;963,33;976,42;976,82;955,42;21,40;;16,35;960,30;976,23;976,65;922,25;54,40;;23,69;1009,66;1032,82;1033,35;968,55;64,80;;25,59;1007,81;1032,96;1033,40;996,20;37,20;;25,71;987,17;1012,58;1012,88;960,58;52,30;;22,26;990,61;1012,56;1012,87;989,72;23,15;;;;;;;;6,72;950,16;955,88;956,88;949,77;7,11;;9,51;964,86;973,19;974,37;962,81;11,56;;9,02;964,88;972,88;973,90;965,60;8,30;;8,95;944,84;953,14;953,79;944,86;8,93;;;;;;;;;;;;;;;;12,01;944,50;955,68;956,51;940,96;15,55;;;;;;;;;21,07;918,48;938,68;939,55;914,85;24,70;;;;;;;;;21,51;920,14;940,85;941,65;926,10;15,55;;;;;;;;;;;;;;;
13/09/2021;;16,47;937,23;953,04;953,70;927,51;26,19;;13,25;963,57;976,42;976,82;955,42;21,40;;16,23;960,42;976,23;976,65;922,25;54,40;;23,77;1009,58;1032,82;1033,35;968,55;64,80;;25,67;1007,73;1032,96;1033,40;996,20;37,20;;25,85;987,03;1012,58;1012,88;960,58;52,30;;22,24;990,63;1012,56;1012,87;989,72;23,15;;;;;;;;6,74;950,14;955,88;956,88;949,77;7,11;;9,49;964,88;973,19;974,37;962,81;11,56;;7,89;966,01;972,88;973,90;965,60;8,30;;8,14;945,65;953,14;953,79;944,86;8,93;;;;;;;;;;;;;;;;11,59;944,92;955,68;956,51;940,96;15,55;;;;;;;;;20,33;919,22;938,68;939,55;914,85;24,70;;;;;;;;;21,36;920,29;940,85;941,65;926,10;15,55;;;;;;;;;;;;;;;
28/09/2021;;16,45;937,25;953,04;953,70;927,51;26,19;;13,11;963,71;976,42;976,82;955,42;21,40;;16,16;960,49;976,23;976,65;922,25;54,40;;23,86;1009,49;1032,82;1033,35;968,55;64,80;;25,75;1007,65;1032,96;1033,40;996,20;37,20;;26,06;986,82;1012,58;1012,88;960,58;52,30;;22,26;990,61;1012,56;1012,87;989,72;23,15;;;;;;;;6,75;950,13;955,88;956,88;949,77;7,11;;9,51;964,86;973,19;974,37;962,81;11,56;;7,85;966,05;972,88;973,90;965,60;8,30;;7,81;945,98;953,14;953,79;944,86;8,93;;;;;;;;;;;;;;;;11,76;944,75;955,68;956,51;940,96;15,55;;;;;;;;;15,55;924,00;938,68;939,55;914,85;24,70;;;;;;;;;21,31;920,34;940,85;941,65;926,10;15,55;;;;;;;;;;;;;;;
26/10/2021;;15,71;937,99;953,04;953,70;927,51;26,19;;12,92;963,90;976,42;976,82;955,42;21,40;;16,11;960,54;976,23;976,65;922,25;54,40;;23,86;1009,49;1032,82;1033,35;968,55;64,80;;25,76;1007,64;1032,96;1033,40;996,20;37,20;;25,91;986,97;1012,58;1012,88;960,58;52,30;;22,26;990,61;1012,56;1012,87;989,72;23,15;;;;;;;;6,74;950,14;955,88;956,88;949,77;7,11;;9,52;964,85;973,19;974,37;962,81;11,56;;6,57;967,33;972,88;973,90;965,60;8,30;;6,84;946,95;953,14;953,79;944,86;8,93;;;;;;;;;;;;;;;;11,41;945,10;955,68;956,51;940,96;15,55;;;;;;;;;7,23;932,32;938,68;939,55;914,85;24,70;;;;;;;;;16,04;925,61;940,85;941,65;926,10;15,55;;;;;;;;;;;;;;;
16/11/2021;;15,21;938,49;953,04;953,70;927,51;26,19;;12,52;964,30;976,42;976,82;955,42;21,40;;15,65;961,00;976,23;976,65;922,25;54,40;;23,81;1009,54;1032,82;1033,35;968,55;64,80;;25,81;1007,59;1032,96;1033,40;996,20;37,20;;25,81;987,07;1012,58;1012,88;960,58;52,30;;22,28;990,59;1012,56;1012,87;989,72;23,15;;;;;;;;6,55;950,33;955,88;956,88;949,77;7,11;;9,51;964,86;973,19;974,37;962,81;11,56;;6,65;967,25;972,88;973,90;965,60;8,30;;5,69;948,10;953,14;953,79;944,86;8,93;;;;;;;;;;;;;;;;11,31;945,20;955,68;956,51;940,96;15,55;;;;;;;;;7,51;932,04;938,68;939,55;914,85;24,70;;;;;;;;;21,04;920,61;940,85;941,65;926,10;15,55;;;;;;;;;;;;;;;
01/12/2021;;13,81;939,89;953,04;953,70;927,51;26,19;;11,41;965,41;976,42;976,82;955,42;21,40;;14,47;962,18;976,23;976,65;922,25;54,40;;23,81;1009,54;1032,82;1033,35;968,55;64,80;;25,63;1007,77;1032,96;1033,40;996,20;37,20;;25,52;987,36;1012,58;1012,88;960,58;52,30;;22,26;990,61;1012,56;1012,87;989,72;23,15;;;;;;;;5,89;950,99;955,88;956,88;949,77;7,11;;9,77;964,60;973,19;974,37;962,81;11,56;;5,48;968,42;972,88;973,90;965,60;8,30;;6,83;946,96;953,14;953,79;944,86;8,93;;;;;;;;;;;;;;;;10,31;946,20;955,68;956,51;940,96;15,55;;;;;;;;;7,05;932,50;938,68;939,55;914,85;24,70;;;;;;;;;12,67;928,98;940,85;941,65;926,10;15,55;;;;;;;;;;;;;;;
13/12/2021;;12,51;941,19;953,04;953,70;927,51;26,19;;11,91;964,91;976,42;976,82;955,42;21,40;;14,96;961,69;976,23;976,65;922,25;54,40;;24,03;1009,32;1032,82;1033,35;968,55;64,80;;25,83;1007,57;1032,96;1033,40;996,20;37,20;;25,52;987,36;1012,58;1012,88;960,58;52,30;;22,28;990,59;1012,56;1012,87;989,72;23,15;;;;;;;;5,83;951,05;955,88;956,88;949,77;7,11;;9,41;964,96;973,19;974,37;962,81;11,56;;6,01;967,89;972,88;973,90;965,60;8,30;;4,51;949,28;953,14;953,79;944,86;8,93;;;;;;;;;;;;;;;;9,81;946,70;955,68;956,51;940,96;15,55;;;;;;;;;7,57;931,98;938,68;939,55;914,85;24,70;;;;;;;;;20,41;921,24;940,85;941,65;926,10;15,55;;;;;;;;;;;;;;;
27/12/2021;;12,11;941,59;953,04;953,70;927,51;26,19;;12,05;964,77;976,42;976,82;955,42;21,40;;15,19;961,46;976,23;976,65;922,25;54,40;;23,85;1009,50;1032,82;1033,35;968,55;64,80;;25,71;1007,69;1032,96;1033,40;996,20;37,20;;25,16;987,72;1012,58;1012,88;960,58;52,30;;22,29;990,58;1012,56;1012,87;989,72;23,15;;;;;;;;4,28;952,60;955,88;956,88;949,77;7,11;;8,46;965,91;973,19;974,37;962,81;11,56;;5,67;968,23;972,88;973,90;965,60;8,30;;4,21;949,58;953,14;953,79;944,86;8,93;;;;;;;;;;;;;;;;9,92;946,59;955,68;956,51;940,96;15,55;;;;;;;;;7,32;932,23;938,68;939,55;914,85;24,70;;;;;;;;;20,32;921,33;940,85;941,65;926,10;15,55;;;;;;;;;;;;;;;
11/01/2022;;11,51;942,19;953,04;953,70;927,51;26,19;;11,53;965,29;976,42;976,82;955,42;21,40;;14,69;961,96;976,23;976,65;922,25;54,40;;23,32;1010,03;1032,82;1033,35;968,55;64,80;;25,11;1008,29;1032,96;1033,40;996,20;37,20;;24,27;988,61;1012,58;1012,88;960,58;52,30;;22,36;990,51;1012,56;1012,87;989,72;23,15;;;;;;;;4,61;952,27;955,88;956,88;949,77;7,11;;7,21;967,16;973,19;974,37;962,81;11,56;;5,61;968,29;972,88;973,90;965,60;8,30;;4,05;949,74;953,14;953,79;944,86;8,93;;;;;;;;;;;;;;;;9,12;947,39;955,68;956,51;940,96;15,55;;;;;;;;;7,28;932,27;938,68;939,55;914,85;24,70;;;;;;;;;0,85;940,80;940,85;941,65;926,10;15,55;;;;;;;;;;;;;;;
25/01/2022;;12,06;941,64;953,04;953,70;927,51;26,19;;11,72;965,10;976,42;976,82;955,42;21,40;;14,97;961,68;976,23;976,65;922,25;54,40;;23,12;1010,23;1032,82;1033,35;968,55;64,80;;24,32;1009,08;1032,96;1033,40;996,20;37,20;;23,83;989,05;1012,58;1012,88;960,58;52,30;;22,68;990,19;1012,56;1012,87;989,72;23,15;;;;;;;;5,09;951,79;955,88;956,88;949,77;7,11;;7,20;967,17;973,19;974,37;962,81;11,56;;5,68;968,22;972,88;973,90;965,60;8,30;;4,56;949,23;953,14;953,79;944,86;8,93;;;;;;;;;;;;;;;;9,61;946,90;955,68;956,51;940,96;15,55;;;;;;;;;7,41;932,14;938,68;939,55;914,85;24,70;;;;;;;;;19,69;921,96;940,85;941,65;926,10;15,55;;;;;;;;;;;;;;;
15/02/2022;;12,46;941,24;953,04;953,70;927,51;26,19;;11,85;964,97;976,42;976,82;955,42;21,40;;15,08;961,57;976,23;976,65;922,25;54,40;;22,93;1010,42;1032,82;1033,35;968,55;64,80;;24,74;1008,66;1032,96;1033,40;996,20;37,20;;23,41;989,47;1012,58;1012,88;960,58;52,30;;19,94;992,93;1012,56;1012,87;989,72;23,15;;;;;;;;5,44;951,44;955,88;956,88;949,77;7,11;;7,48;966,89;973,19;974,37;962,81;11,56;;5,76;968,14;972,88;973,90;965,60;8,30;;4,83;948,96;953,14;953,79;944,86;8,93;;;;;;;;;;;;;;;;10,02;946,49;955,68;956,51;940,96;15,55;;;;;;;;;7,53;932,02;938,68;939,55;914,85;24,70;;;;;;;;;19,69;921,96;940,85;941,65;926,10;15,55;;;;;;;;;;;;;;;
07/03/2022;;13,26;940,44;953,04;953,70;927,51;26,19;;0,53;976,29;976,42;976,82;955,42;21,40;;15,32;961,33;976,23;976,65;922,25;54,40;;22,49;1010,86;1032,82;1033,35;968,55;64,80;;24,32;1009,08;1032,96;1033,40;996,20;37,20;;22,41;990,47;1012,58;1012,88;960,58;52,30;;19,95;992,92;1012,56;1012,87;989,72;23,15;;;;;;;;4,66;952,22;955,88;956,88;949,77;7,11;;8,03;966,34;973,19;974,37;962,81;11,56;;5,94;967,96;972,88;973,90;965,60;8,30;;4,82;948,97;953,14;953,79;944,86;8,93;;;;;;;;;;;;;;;;10,52;945,99;955,68;956,51;940,96;15,55;;;;;;;;;7,87;931,68;938,68;939,55;914,85;24,70;;;;;;;;;19,74;921,91;940,85;941,65;926,10;15,55;;;;;;;;;;;;;;;
23/03/2022;;13,49;940,21;953,04;953,70;927,51;26,19;;0,51;976,31;976,42;976,82;955,42;21,40;;15,16;961,49;976,23;976,65;922,25;54,40;;22,29;1011,06;1032,82;1033,35;968,55;64,80;;24,12;1009,28;1032,96;1033,40;996,20;37,20;;22,09;990,79;1012,58;1012,88;960,58;52,30;;19,95;992,92;1012,56;1012,87;989,72;23,15;;;;;;;;4,69;952,19;955,88;956,88;949,77;7,11;;8,29;966,08;973,19;974,37;962,81;11,56;;6,06;967,84;972,88;973,90;965,60;8,30;;4,88;948,91;953,14;953,79;944,86;8,93;;;;;;;;;;;;;;;;10,71;945,80;955,68;956,51;940,96;15,55;;;;;;;;;8,47;931,08;938,68;939,55;914,85;24,70;;;;;;;;;19,79;921,86;940,85;941,65;926,10;15,55;;;;;;;;;;;;;;;
05/04/2022;;13,54;940,16;953,04;953,70;927,51;26,19;;12,36;964,46;976,42;976,82;955,42;21,40;;15,48;961,17;976,23;976,65;922,25;54,40;;22,32;1011,03;1032,82;1033,35;968,55;64,80;;23,81;1009,59;1032,96;1033,40;996,20;37,20;;21,86;991,02;1012,58;1012,88;960,58;52,30;;19,93;992,94;1012,56;1012,87;989,72;23,15;;;;;;;;4,65;952,23;955,88;956,88;949,77;7,11;;8,67;965,70;973,19;974,37;962,81;11,56;;6,42;967,48;972,88;973,90;965,60;8,30;;4,92;948,87;953,14;953,79;944,86;8,93;;;;;;;;;;;;;;;;10,96;945,55;955,68;956,51;940,96;15,55;;;;;;;;;8,52;931,03;938,68;939,55;914,85;24,70;;;;;;;;;19,82;921,83;940,85;941,65;926,10;15,55;;;;;;;;;;;;;;;
04/05/2022;;13,58;940,12;953,04;953,70;927,51;26,19;;12,36;964,46;976,42;976,82;955,42;21,40;;15,81;960,84;976,23;976,65;922,25;54,40;;22,32;1011,03;1032,82;1033,35;968,55;64,80;;24,81;1008,59;1032,96;1033,40;996,20;37,20;;21,86;991,02;1012,58;1012,88;960,58;52,30;;19,93;992,94;1012,56;1012,87;989,72;23,15;;;;;;;;5,34;951,54;955,88;956,88;949,77;7,11;;8,81;965,56;973,19;974,37;962,81;11,56;;6,68;967,22;972,88;973,90;965,60;8,30;;5,45;948,34;953,14;953,79;944,86;8,93;;;;;;;;;;;;;;;;11,22;945,29;955,68;956,51;940,96;15,55;;;;;;;;;8,39;931,16;938,68;939,55;914,85;24,70;;;;;;;;;19,82;921,83;940,85;941,65;926,10;15,55;;;;;;;;;;;;;;;
18/05/2022;;13,62;940,08;953,04;953,70;927,51;26,19;;;;976,42;976,82;955,42;21,40;;;;976,23;976,65;922,25;54,40;;;;1032,82;1033,35;968,55;64,80;;;1033,40;1032,96;1033,40;996,20;37,20;;;;1012,58;1012,88;960,58;52,30;;;;1012,56;1012,87;989,72;23,15;;;;;;;;5,44;951,44;955,88;956,88;949,77;7,11;;8,82;965,55;973,19;974,37;962,81;11,56;;6,67;967,23;972,88;973,90;965,60;8,30;;5,49;948,30;953,14;953,79;944,86;8,93;;;;;;;;;;;;;;;;11,22;945,29;955,68;956,51;940,96;15,55;;;;;;;;;8,41;931,14;938,68;939,55;914,85;24,70;;;;;;;;;19,85;921,80;940,85;941,65;926,10;15,55;;;;;;;;;;;;;;;
12/06/2022;;16,79;936,91;953,04;953,70;927,51;26,19;;;;976,42;976,82;955,42;21,40;;;;976,23;976,65;922,25;54,40;;;;1032,82;1033,35;968,55;64,80;;;1033,40;1032,96;1033,40;996,20;37,20;;;;1012,58;1012,88;960,58;52,30;;;;1012,56;1012,87;989,72;23,15;;;;;;;;5,45;951,43;955,88;956,88;949,77;7,11;;8,86;965,51;973,19;974,37;962,81;11,56;;6,62;967,28;972,88;973,90;965,60;8,30;;5,46;948,33;953,14;953,79;944,86;8,93;;;;;;;;;;;;;;;;11,26;945,25;955,68;956,51;940,96;15,55;;;;;;;;;8,41;931,14;938,68;939,55;914,85;24,70;;;;;;;;;19,81;921,84;940,85;941,65;926,10;15,55;;;;;;;;;;;;;;;
07/07/2022;;16,07;937,63;953,04;953,70;927,51;26,19;;;;976,42;976,82;955,42;21,40;;;;976,23;976,65;922,25;54,40;;;;1032,82;1033,35;968,55;64,80;;;1033,40;1032,96;1033,40;996,20;37,20;;;;1012,58;1012,88;960,58;52,30;;;;1012,56;1012,87;989,72;23,15;;;;;;;;6,24;950,64;955,88;956,88;949,77;7,11;;9,77;964,60;973,19;974,37;962,81;11,56;;6,81;967,09;972,88;973,90;965,60;8,30;;6,22;947,57;953,14;953,79;944,86;8,93;;;;;;;;;;;;;;;;11,44;945,07;955,68;956,51;940,96;15,55;;;;;;;;;7,51;932,04;938,68;939,55;914,85;24,70;;;;;;;;;20,45;921,20;940,85;941,65;926,10;15,55;;;;;;;;;;;;;;;
12/09/2022;;13,62;940,08;953,04;953,70;927,51;26,19;;22,80;954,02;976,42;976,82;955,42;21,40;;13,05;963,60;976,23;976,65;922,25;54,40;;20,63;1012,72;1032,82;1033,35;968,55;64,80;;18,86;1014,54;1032,96;1033,40;996,20;37,20;;15,42;997,46;1012,58;1012,88;960,58;52,30;;13,80;999,07;1012,56;1012,87;989,72;23,15;;;;;;;;5,44;951,44;955,88;956,88;949,77;7,11;;8,82;965,55;973,19;974,37;962,81;11,56;;6,67;967,23;972,88;973,90;965,60;8,30;;5,49;948,30;953,14;953,79;944,86;8,93;;;;;;;;;;;;;;;;11,22;945,29;955,68;956,51;940,96;15,55;;;;;;;;;8,41;931,14;938,68;939,55;914,85;24,70;;;;;;;;;19,85;921,80;940,85;941,65;926,10;15,55;;;;;;;;;;;;;;;
03/10/2022;;16,79;936,91;953,04;953,70;927,51;26,19;;22,61;954,21;976,42;976,82;955,42;21,40;;13,12;963,53;976,23;976,65;922,25;54,40;;20,60;1012,75;1032,82;1033,35;968,55;64,80;;18,80;1014,60;1032,96;1033,40;996,20;37,20;;15,10;997,78;1012,58;1012,88;960,58;52,30;;13,34;999,53;1012,56;1012,87;989,72;23,15;;;;;;;;5,45;951,43;955,88;956,88;949,77;7,11;;8,86;965,51;973,19;974,37;962,81;11,56;;6,62;967,28;972,88;973,90;965,60;8,30;;5,46;948,33;953,14;953,79;944,86;8,93;;;;;;;;;;;;;;;;11,26;945,25;955,68;956,51;940,96;15,55;;;;;;;;;8,41;931,14;938,68;939,55;914,85;24,70;;;;;;;;;19,81;921,84;940,85;941,65;926,10;15,55;;;;;;;;;;;;;;;
22/11/2022;;16,07;937,63;953,04;953,70;927,51;26,19;;22,61;954,21;976,42;976,82;955,42;21,40;;13,08;963,57;976,23;976,65;922,25;54,40;;20,60;1012,75;1032,82;1033,35;968,55;64,80;;18,78;1014,62;1032,96;1033,40;996,20;37,20;;15,05;997,83;1012,58;1012,88;960,58;52,30;;13,35;999,52;1012,56;1012,87;989,72;23,15;;;;;;;;6,24;950,64;955,88;956,88;949,77;7,11;;9,77;964,60;973,19;974,37;962,81;11,56;;6,81;967,09;972,88;973,90;965,60;8,30;;6,22;947,57;953,14;953,79;944,86;8,93;;;;;;;;;;;;;;;;11,44;945,07;955,68;956,51;940,96;15,55;;;;;;;;;7,51;932,04;938,68;939,55;914,85;24,70;;;;;;;;;20,45;921,20;940,85;941,65;926,10;15,55;;;;;;;;;;;;;;;
13/12/2024;;;;;;;;;;;;;;;;;;;;;;;;;;;;;;;;;;;;;;;;;;;;;;;;;;;;;;;;;;;;;;;;;;;;;;;;;;;;;;;;;;;;;;;;;;;;;;;;;;;11,32;945,19;955,68;956,51;940,96;15,55;;;;;;;;;7,79;931,76;938,68;939,55;914,85;24,70;;;;;;;;;20,84;920,81;940,85;941,65;926,10;15,55;;;;;;;;;;;;;;;
21/02/2025;;;;;;;;;;;;;;;;;;;;;;;;;;;;;;;;;;;;;;;;;;;;;;;;;;;;;;;;;;;;;;;;;;;;;;;;;;;;;;;;;;;;;;;;;;;;;;;;;;;10,29;946,22;955,68;956,51;940,96;15,55;;;;;;;;;7,99;931,56;938,68;939,55;914,85;24,70;;;;;;;;;20,03;921,62;940,85;941,65;926,10;15,55;;;;;;;;;;;;;;;
28/03/2025;;;;;;;;;;;;;;;;;;;;;;;;;;;;;;;;;;;;;;;;;;;;;;;;;;;;;;;;;3,45;953,43;955,88;956,88;949,77;7,11;;6,52;967,85;973,19;974,37;962,81;11,56;;5,95;967,95;972,88;973,90;965,60;8,30;;;;;;;;;;;;;;;;;;;;;;;10,77;945,74;955,68;956,51;940,96;15,55;;;;;;;;;12,22;927,33;938,68;939,55;914,85;24,70;;;;;;;;;19,99;921,66;940,85;941,65;926,10;15,55;;;;;;;;;;;;;;;
08/05/2025;;;;;;;;;;;;;;;;;;;;;;;;;;;;;;;;;;;;;;;;;;;;;;;;;;17,14;934,47;950,36;951,61;920,98;30,63;;5,00;951,88;955,88;956,88;949,77;7,11;;6,17;968,20;973,19;974,37;962,81;11,56;;5,99;967,91;972,88;973,90;965,60;8,30;;5,12;948,67;953,14;953,79;944,86;8,93;;;;;;;;;;;;;;;;11,00;945,51;955,68;956,51;940,96;15,55;;;;;;;;;13,39;926,16;938,68;939,55;914,85;24,70;;;;;;;;;19,98;921,67;940,85;941,65;926,10;15,55;;;;;;;;;;;;;;;
25/05/2025;;;;;;;;;;;;;;;;;;;;;;;;;;;;;;;;;;;;;;;;;;;;;;;;;;17,41;934,20;950,36;951,61;920,98;30,63;;5,46;951,42;955,88;956,88;949,77;7,11;;6,17;968,20;973,19;974,37;962,81;11,56;;6,10;967,80;972,88;973,90;965,60;8,30;;5,60;948,19;953,14;953,79;944,86;8,93;;;;;;;;;;;;;;;;11,16;945,35;955,68;956,51;940,96;15,55;;;;;;;;;14,82;924,73;938,68;939,55;914,85;24,70;;;;;;;;;20,02;921,63;940,85;941,65;926,10;15,55;;;;;;;;;;;;;;;
01/07/2025;;;;;;;;;;;;;;;;;;;;;;;;;;;;;;;;;;;;;;;;;;;;;;;;;;17,97;933,64;950,36;951,61;920,98;30,63;;6,41;950,47;955,88;956,88;949,77;7,11;;6,21;968,16;973,19;974,37;962,81;11,56;;6,62;967,28;972,88;973,90;965,60;8,30;;6,34;947,45;953,14;953,79;944,86;8,93;;;;;;;;;;;;;;;;11,49;945,02;955,68;956,51;940,96;15,55;;;;;;;;;15,51;924,04;938,68;939,55;914,85;24,70;;;;;;;;;20,19;921,46;940,85;941,65;926,10;15,55;;;;;;;;;;;;;;;
30/07/2025;;;;;;;;;;;;;;;;;;;;;;;;;;;;;;;;;;;;;;;;;;;;;;;;;;18,29;933,32;950,36;951,61;920,98;30,63;;6,42;950,46;955,88;956,88;949,77;7,11;;6,22;968,15;973,19;974,37;962,81;11,56;;7,27;966,63;972,88;973,90;965,60;8,30;;7,05;946,74;953,14;953,79;944,86;8,93;;;;;;;;;;;;;;;;11,71;944,80;955,68;956,51;940,96;15,55;;;;;;;;;16,57;922,98;938,68;939,55;914,85;24,70;;;;;;;;;20,36;921,29;940,85;941,65;926,10;15,55;;;;;;;;;;;;;;;
14/08/2025;;;;;;;;;;;;;;;;;;;;;;;;;;;;;;;;;;;;;;;;;;;;;;;;;;18,53;933,08;950,36;951,61;920,98;30,63;;6,68;950,20;955,88;956,88;949,77;7,11;;6,02;968,35;973,19;974,37;962,81;11,56;;7,08;966,82;972,88;973,90;965,60;8,30;;7,11;946,68;953,14;953,79;944,86;8,93;;;;;;;;;;;;;;;;11,75;944,76;955,68;956,51;940,96;15,55;;;;;;;;;16,52;923,03;938,68;939,55;914,85;24,70;;;;;;;;;20,27;921,38;940,85;941,65;926,10;15,55;;;;;;;;;;;;;;;
18/09/2025;;;;;;;;;;;;;;;;;;;;;;;;;;;;;;;;;;;;;;;;;;;;;;;;;;18,97;932,64;950,36;951,61;920,98;30,63;;6,41;950,47;955,88;956,88;949,77;7,11;;6,21;968,16;973,19;974,37;962,81;11,56;;7,73;966,17;972,88;973,90;965,60;8,30;;8,35;945,44;953,14;953,79;944,86;8,93;;22,00;940,66;961,70;962,66;913,66;49,00;;12,13;948,93;959,93;961,06;927,06;34,00;;11,44;945,07;955,68;956,51;940,96;15,55;;13,58;947,01;959,52;960,59;931,59;29,00;;20,63;918,92;938,68;939,55;914,85;24,70;;15,62;929,38;943,77;945,00;906,00;39,00;;20,72;920,93;940,85;941,65;926,10;15,55;;;25,87;925,33;950,29;951,20;912,20;39,00;;9,14;913,44;921,42;922,58;893,58;29,00
10/10/2025;;;;;;;;;;;;;;;;;;;;;;;;;;;;;;;;;;;;;;;;;;;;;;;;;;19,15;932,46;950,36;951,61;920,98;30,63;;6,41;950,47;955,88;956,88;949,77;7,11;;6,21;968,16;973,19;974,37;962,81;11,56;;7,77;966,13;972,88;973,90;965,60;8,30;;8,39;945,40;953,14;953,79;944,86;8,93;;22,39;940,27;961,70;962,66;913,66;49,00;;12,56;948,50;950,36;961,06;927,06;34,00;;11,53;944,98;955,68;956,51;940,96;15,55;;13,84;946,75;959,52;960,59;931,59;29,00;;20,68;918,87;938,68;939,55;914,85;24,70;;16,17;928,83;943,77;945,00;906,00;39,00;;20,79;920,86;940,85;941,65;926,10;15,55;;;26,08;925,12;950,29;951,20;912,20;39,00;;9,24;913,34;921,42;922,58;893,58;29,00
24/10/2025;;;;;;;;;;;;;;;;;;;;;;;;;;;;;;;;;;;;;;;;;;;;;;;;;;18,63;932,98;950,36;951,61;920,98;30,63;;6,76;950,12;955,88;956,88;949,77;7,11;;6,21;968,16;973,19;974,37;962,81;11,56;;8,53;965,37;972,88;973,90;965,60;8,30;;8,92;944,87;953,14;953,79;944,86;8,93;;22,17;940,49;961,70;962,66;913,66;49,00;;12,53;948,53;950,36;961,06;927,06;34,00;;12,54;943,97;955,68;956,51;940,96;15,55;;13,70;946,89;959,52;960,59;931,59;29,00;;20,89;918,66;938,68;939,55;914,85;24,70;;16,44;928,56;943,77;945,00;906,00;39,00;;20,93;920,72;940,85;941,65;926,10;15,55;;;26,23;924,97;950,29;951,20;912,20;39,00;;9,20;913,38;921,42;922,58;893,58;29,00
03/11/2025;;;;;;;;;;;;;;;;;;;;;;;;;;;;;;;;;;;;;;;;;;;;;;;;;;18,40;933,21;950,36;951,61;920,98;30,63;;6,76;950,12;955,88;956,88;949,77;7,11;;6,00;968,37;973,19;974,37;962,81;11,56;;8,44;965,46;972,88;973,90;965,60;8,30;;8,76;945,03;953,14;953,79;944,86;8,93;;22,21;940,45;961,70;962,66;913,66;49,00;;12,33;948,73;950,36;961,06;927,06;34,00;;12,64;943,87;955,68;956,51;940,96;15,55;;13,80;946,79;959,52;960,59;931,59;29,00;;20,98;918,57;938,68;939,55;914,85;24,70;;16,62;928,38;943,77;945,00;906,00;39,00;;20,98;920,67;940,85;941,65;926,10;15,55;;;26,28;924,92;950,29;951,20;912,20;39,00;;9,10;913,48;921,42;922,58;893,58;29,00
28/11/2025;;;;;;;;;;;;;;;;;;;;;;;;;;;;;;;;;;;;;;;;;;;;;;;;;;17,71;933,90;950,36;951,61;920,98;30,63;;6,73;950,15;955,88;956,88;949,77;7,11;;6,13;968,24;973,19;974,37;962,81;11,56;;8,53;965,37;972,88;973,90;965,60;8,30;;8,72;945,07;953,14;953,79;944,86;8,93;;22,37;940,29;961,70;962,66;913,66;49,00;;12,82;948,24;950,36;961,06;927,06;34,00;;12,71;943,80;955,68;956,51;940,96;15,55;;14,01;946,58;959,52;960,59;931,59;29,00;;21,17;918,38;938,68;939,55;914,85;24,70;;16,90;928,10;943,77;945,00;906,00;39,00;;20,94;920,71;940,85;941,65;926,10;15,55;;;26,52;924,68;950,29;951,20;912,20;39,00;;9,06;913,52;921,42;922,58;893,58;29,00
18/12/2025;;;;;;;;;;;;;;;;;;;;;;;;;;;;;;;;;;;;;;;;;;;;;;;;;;17,77;933,84;950,36;951,61;920,98;30,63;;6,73;950,15;955,88;956,88;949,77;7,11;;6,13;968,24;973,19;974,37;962,81;11,56;;8,45;965,45;972,88;973,90;965,60;8,30;;8,65;945,14;953,14;953,79;944,86;8,93;;22,43;940,23;961,70;962,66;913,66;49,00;;11,01;950,05;950,36;961,06;927,06;34,00;;12,65;943,86;955,68;956,51;940,96;15,55;;14,10;946,49;959,52;960,59;931,59;29,00;;21,01;918,54;938,68;939,55;914,85;24,70;;16,79;928,21;943,77;945,00;906,00;39,00;;20,86;920,79;940,85;941,65;926,10;15,55;;;26,35;924,85;950,29;951,20;912,20;39,00;;8,81;913,77;921,42;922,58;893,58;29,00
30/12/2025;;;;;;;;;;;;;;;;;;;;;;;;;;;;;;;;;;;;;;;;;;;;;;;;;;17,97;933,64;950,36;951,61;920,98;30,63;;6,75;950,13;955,88;956,88;949,77;7,11;;6,08;968,29;973,19;974,37;962,81;11,56;;7,50;966,40;972,88;973,90;965,60;8,30;;7,65;946,14;953,14;953,79;944,86;8,93;;22,48;940,18;961,70;962,66;913,66;49,00;;11,90;949,16;950,36;961,06;927,06;34,00;;12,47;944,04;955,68;956,51;940,96;15,55;;14,09;946,50;959,52;960,59;931,59;29,00;;19,51;920,04;938,68;939,55;914,85;24,70;;16,85;928,15;943,77;945,00;906,00;39,00;;20,84;920,81;940,85;941,65;926,10;15,55;;;26,21;924,99;950,29;951,20;912,20;39,00;;8,89;913,69;921,42;922,58;893,58;29,00
08/01/2026;;;;;;;;;;;;;;;;;;;;;;;;;;;;;;;;;;;;;;;;;;;;;;;;;;17,98;933,63;950,36;951,61;920,98;30,63;;6,71;950,17;955,88;956,88;949,77;7,11;;6,08;968,29;973,19;974,37;962,81;11,56;;7,44;966,46;972,88;973,90;965,60;8,30;;7,41;946,38;953,14;953,79;944,86;8,93;;22,50;940,16;961,70;962,66;913,66;49,00;;12,31;948,75;950,36;961,06;927,06;34,00;;12,43;944,08;955,68;956,51;940,96;15,55;;14,10;946,49;959,52;960,59;931,59;29,00;;19,66;919,89;938,68;939,55;914,85;24,70;;16,95;928,05;943,77;945,00;906,00;39,00;;20,83;920,82;940,85;941,65;926,10;15,55;;;26,10;925,10;950,29;951,20;912,20;39,00;;8,89;913,69;921,42;922,58;893,58;29,00
15/01/2026;;;;;;;;;;;;;;;;;;;;;;;;;;;;;;;;;;;;;;;;;;;;;;;;;;18,10;933,51;950,36;951,61;920,98;30,63;;6,71;950,17;955,88;956,88;949,77;7,11;;6,13;968,24;973,19;974,37;962,81;11,56;;7,35;966,55;972,88;973,90;965,60;8,30;;7,27;946,52;953,14;953,79;944,86;8,93;;22,53;940,13;961,70;962,66;913,66;49,00;;12,61;948,45;950,36;961,06;927,06;34,00;;12,48;944,03;955,68;956,51;940,96;15,55;;14,12;946,47;959,52;960,59;931,59;29,00;;20,28;919,27;938,68;939,55;914,85;24,70;;17,10;927,90;943,77;945,00;906,00;39,00;;20,86;920,79;940,85;941,65;926,10;15,55;;;26,10;925,10;950,29;951,20;912,20;39,00;;8,98;913,60;921,42;922,58;893,58;29,00
21/01/2026;;;;;;;;;;;;;;;;;;;;;;;;;;;;;;;;;;;;;;;;;;;;;;;;;;18,05;933,56;950,36;951,61;920,98;30,63;;2,59;954,29;955,88;956,88;949,77;7,11;;6,13;968,24;973,19;974,37;962,81;11,56;;7,29;966,61;972,88;973,90;965,60;8,30;;7,17;946,62;953,14;953,79;944,86;8,93;;22,55;940,11;961,70;962,66;913,66;49,00;;12,67;948,39;950,36;961,06;927,06;34,00;;12,52;943,99;955,68;956,51;940,96;15,55;;14,14;946,45;959,52;960,59;931,59;29,00;;20,06;919,49;938,68;939,55;914,85;24,70;;17,16;927,84;943,77;945,00;906,00;39,00;;20,89;920,76;940,85;941,65;926,10;15,55;;;26,08;925,12;950,29;951,20;912,20;39,00;;8,88;913,70;921,42;922,58;893,58;29,00
30/01/2026;;;;;;;;;;;;;;;;;;;;;;;;;;;;;;;;;;;;;;;;;;;;;;;;;;17,04;934,57;950,36;951,61;920,98;30,63;;4,95;951,93;955,88;956,88;949,77;7,11;;6,13;968,24;973,19;974,37;962,81;11,56;;6,00;967,90;972,88;973,90;965,60;8,30;;6,48;947,31;953,14;953,79;944,86;8,93;;22,52;940,14;961,70;962,66;913,66;49,00;;9,50;951,56;950,36;961,06;927,06;34,00;;12,01;944,50;955,68;956,51;940,96;15,55;;14,08;946,51;959,52;960,59;931,59;29,00;;7,42;932,13;938,68;939,55;914,85;24,70;;16,63;928,37;943,77;945,00;906,00;39,00;;20,78;920,87;940,85;941,65;926,10;15,55;;;25,75;925,45;950,29;951,20;912,20;39,00;;7,87;914,71;921,42;922,58;893,58;29,00
06/02/2026;;;;;;;;;;;;;;;;;;;;;;;;;;;;;;;;;;;;;;;;;;;;;;;;;;17,38;934,23;950,36;951,61;920,98;30,63;;1,98;954,90;955,88;956,88;949,77;7,11;;6,07;968,30;973,19;974,37;962,81;11,56;;6,15;967,75;972,88;973,90;965,60;8,30;;6,01;947,78;953,14;953,79;944,86;8,93;;22,53;940,13;961,70;962,66;913,66;49,00;;10,04;951,02;950,36;961,06;927,06;34,00;;11,76;944,75;955,68;956,51;940,96;15,55;;14,00;946,59;959,52;960,59;931,59;29,00;;13,17;926,38;938,68;939,55;914,85;24,70;;15,80;929,20;943,77;945,00;906,00;39,00;;20,73;920,92;940,85;941,65;926,10;15,55;;;25,62;925,58;950,29;951,20;912,20;39,00;;7,87;914,71;921,42;922,58;893,58;29,00
13/02/2026;;;;;;;;;;;;;;;;;;;;;;;;;;;;;;;;;;;;;;;;;;;;;;;;;;17,05;934,56;950,36;951,61;920,98;30,63;;4,10;952,78;955,88;956,88;949,77;7,11;;6,07;968,30;973,19;974,37;962,81;11,56;;5,88;968,02;972,88;973,90;965,60;8,30;;5,72;948,07;953,14;953,79;944,86;8,93;;22,50;940,16;961,70;962,66;913,66;49,00;;17,31;943,75;950,36;961,06;927,06;34,00;;11,64;944,87;955,68;956,51;940,96;15,55;;13,91;946,68;959,52;960,59;931,59;29,00;;9,95;929,60;938,68;939,55;914,85;24,70;;15,80;929,20;943,77;945,00;906,00;39,00;;20,73;920,92;940,85;941,65;926,10;15,55;;;25,41;925,79;950,29;951,20;912,20;39,00;;8,13;914,45;921,42;922,58;893,58;29,00
20/02/2026;;;;;;;;;;;;;;;;;;;;;;;;;;;;;;;;;;;;;;;;;;;;;;;;;;17,38;934,23;950,36;951,61;920,98;30,63;;4,69;952,19;955,88;956,88;949,77;7,11;;6,07;968,30;973,19;974,37;962,81;11,56;;5,88;968,02;972,88;973,90;965,60;8,30;;5,54;948,25;953,14;953,79;944,86;8,93;;22,47;940,19;961,70;962,66;913,66;49,00;;10,36;950,70;950,36;961,06;927,06;34,00;;11,57;944,94;955,68;956,51;940,96;15,55;;13,82;946,77;959,52;960,59;931,59;29,00;;14,70;924,85;938,68;939,55;914,85;24,70;;14,88;930,12;943,77;945,00;906,00;39,00;;20,61;921,04;940,85;941,65;926,10;15,55;;;25,28;925,92;950,29;951,20;912,20;39,00;;8,13;914,45;921,42;922,58;893,58;29,00
26/02/2026;;;;;;;;;;;;;;;;;;;;;;;;;;;;;;;;;;;;;;;;;;;;;;;;;;16,72;934,89;950,36;951,61;920,98;30,63;;1,84;955,04;955,88;956,88;949,77;7,11;;6,07;968,30;973,19;974,37;962,81;11,56;;5,76;968,14;972,88;973,90;965,60;8,30;;5,54;948,25;953,14;953,79;944,86;8,93;;22,40;940,26;961,70;962,66;913,66;49,00;;9,42;951,64;950,36;961,06;927,06;34,00;;11,51;945,00;955,68;956,51;940,96;15,55;;13,75;946,84;959,52;960,59;931,59;29,00;;11,57;927,98;938,68;939,55;914,85;24,70;;14,65;930,35;943,77;945,00;906,00;39,00;;20,58;921,07;940,85;941,65;926,10;15,55;;;25,12;926,08;950,29;951,20;912,20;39,00;;8,13;914,45;921,42;922,58;893,58;29,00
05/03/2026;;;;;;;;;;;;;;;;;;;;;;;;;;;;;;;;;;;;;;;;;;;;;;;;;;16,80;934,81;950,36;951,61;920,98;30,63;;4,34;952,54;955,88;956,88;949,77;7,11;;6,07;968,30;973,19;974,37;962,81;11,56;;5,58;968,32;972,88;973,90;965,60;8,30;;5,15;948,64;953,14;953,79;944,86;8,93;;21,82;940,84;961,70;962,66;913,66;49,00;;8,22;952,84;950,36;961,06;927,06;34,00;;11,28;945,23;955,68;956,51;940,96;15,55;;13,61;946,98;959,52;960,59;931,59;29,00;;7,32;932,23;938,68;939,55;914,85;24,70;;20,59;924,41;943,77;945,00;906,00;39,00;;20,59;921,06;940,85;941,65;926,10;15,55;;;24,87;926,33;950,29;951,20;912,20;39,00;;7,49;915,09;921,42;922,58;893,58;29,00
13/03/2026;;;;;;;;;;;;;;;;;;;;;;;;;;;;;;;;;;;;;;;;;;;;;;;;;;15,77;935,84;950,36;951,61;920,98;30,63;;;956,88;955,88;956,88;949,77;7,11;;6,04;968,33;973,19;974,37;962,81;11,56;;5,38;968,52;972,88;973,90;965,60;8,30;;4,80;948,99;953,14;953,79;944,86;8,93;;21,41;941,25;961,70;962,66;913,66;49,00;;7,66;953,40;950,36;961,06;927,06;34,00;;11,12;945,39;955,68;956,51;940,96;15,55;;13,45;947,14;959,52;960,59;931,59;29,00;;7,12;932,43;938,68;939,55;914,85;24,70;;13,53;931,47;943,77;945,00;906,00;39,00;;17,37;924,28;940,85;941,65;926,10;15,55;;;24,66;926,54;950,29;951,20;912,20;39,00;;8,01;914,57;921,42;922,58;893,58;29,00
18/03/2026;;;;;;;;;;;;;;;;;;;;;;;;;;;;;;;;;;;;;;;;;;;;;;;;;;16,21;935,40;950,36;951,61;920,98;30,63;;3,98;952,90;955,88;956,88;949,77;7,11;;6,07;968,30;973,19;974,37;962,81;11,56;;5,37;968,53;972,88;973,90;965,60;8,30;;4,63;949,16;953,14;953,79;944,86;8,93;;19,41;943,25;961,70;962,66;913,66;49,00;;7,27;953,79;950,36;961,06;927,06;34,00;;10,94;945,57;955,68;956,51;940,96;15,55;;13,22;947,37;959,52;960,59;931,59;29,00;;7,21;932,34;938,68;939,55;914,85;24,70;;13,08;931,92;943,77;945,00;906,00;39,00;;20,22;921,43;940,85;941,65;926,10;15,55;;;24,46;926,74;950,29;951,20;912,20;39,00;;;922,58;921,42;922,58;893,58;29,00
01/04/2026;;;;;;;;;;;;;;;;;;;;;;;;;;;;;;;;;;;;;;;;;;;;;;;;;;16,53;935,08;950,36;951,61;920,98;30,63;;3,46;953,42;955,88;956,88;949,77;7,11;;6,07;968,30;973,19;974,37;962,81;11,56;;5,47;968,43;972,88;973,90;965,60;8,30;;5,47;948,32;953,14;953,79;944,86;8,93;;21,79;940,87;961,70;962,66;913,66;49,00;;8,52;952,54;950,36;961,06;927,06;34,00;;10,80;945,71;955,68;956,51;940,96;15,55;;12,99;947,60;959,52;960,59;931,59;29,00;;7,93;931,62;938,68;939,55;914,85;24,70;;12,44;932,56;943,77;945,00;906,00;39,00;;20,15;921,50;940,85;941,65;926,10;15,55;;;24,33;926,87;950,29;951,20;912,20;39,00;;7,52;915,06;921,42;922,58;893,58;29,00
10/04/2026;;;;;;;;;;;;;;;;;;;;;;;;;;;;;;;;;;;;;;;;;;;;;;;;;;17,86;933,75;950,36;951,61;920,98;30,63;;4,43;952,45;955,88;956,88;949,77;7,11;;5,98;968,39;973,19;974,37;962,81;11,56;;5,32;968,58;972,88;973,90;965,60;8,30;;4,96;948,83;953,14;953,79;944,86;8,93;;21,99;940,67;961,70;962,66;913,66;49,00;;8,99;952,07;950,36;961,06;927,06;34,00;;;956,51;955,68;956,51;940,96;15,55;;13,13;947,46;959,52;960,59;931,59;29,00;;8,47;931,08;938,68;939,55;914,85;24,70;;12,53;932,47;943,77;945,00;906,00;39,00;;20,37;921,28;940,85;941,65;926,10;15,55;;;24,67;926,53;950,29;951,20;912,20;39,00;;8,11;914,47;921,42;922,58;893,58;29,00
16/04/2026;;;;;;;;;;;;;;;;;;;;;;;;;;;;;;;;;;;;;;;;;;;;;;;;;;16,81;934,80;950,36;951,61;920,98;30,63;;4,32;952,56;955,88;956,88;949,77;7,11;;5,97;968,40;973,19;974,37;962,81;11,56;;5,51;968,39;972,88;973,90;965,60;8,30;;4,73;949,06;953,14;953,79;944,86;8,93;;21,68;940,98;961,70;962,66;913,66;49,00;;9,08;951,98;950,36;961,06;927,06;34,00;;;956,51;955,68;956,51;940,96;15,55;;12,76;947,83;959,52;960,59;931,59;29,00;;9,90;929,65;938,68;939,55;914,85;24,70;;12,22;932,78;943,77;945,00;906,00;39,00;;20,02;921,63;940,85;941,65;926,10;15,55;;;24,22;926,98;950,29;951,20;912,20;39,00;;8,00;914,58;921,42;922,58;893,58;29,00
24/04/2026;;;;;;;;;;;;;;;;;;;;;;;;;;;;;;;;;;;;;;;;;;;;;;;;;;17,00;934,61;950,36;951,61;920,98;30,63;;4,60;952,28;955,88;956,88;949,77;7,11;;5,96;968,41;973,19;974,37;962,81;11,56;;5,59;968,31;972,88;973,90;965,60;8,30;;4,84;948,95;953,14;953,79;944,86;8,93;;21,62;941,04;961,70;962,66;913,66;49,00;;9,42;951,64;950,36;961,06;927,06;34,00;;;956,51;955,68;956,51;940,96;15,55;;12,71;947,88;959,52;960,59;931,59;29,00;;12,85;926,70;938,68;939,55;914,85;24,70;;12,31;932,69;943,77;945,00;906,00;39,00;;19,98;921,67;940,85;941,65;926,10;15,55;;;24,25;926,95;950,29;951,20;912,20;39,00;;8,21;914,37;921,42;922,58;893,58;29,00
08/05/2026;;;;;;;;;;;;;;;;;;;;;;;;;;;;;;;;;;;;;;;;;;;;;;;;;;17,24;934,37;950,36;951,61;920,98;30,63;;4,96;951,92;955,88;956,88;949,77;7,11;;5,95;968,42;973,19;974,37;962,81;11,56;;5,73;968,17;972,88;973,90;965,60;8,30;;5,04;948,75;953,14;953,79;944,86;8,93;;21,57;941,09;961,70;962,66;913,66;49,00;;9,76;951,30;950,36;961,06;927,06;34,00;;;956,51;955,68;956,51;940,96;15,55;;12,63;947,96;959,52;960,59;931,59;29,00;;15,04;924,51;938,68;939,55;914,85;24,70;;12,50;932,50;943,77;945,00;906,00;39,00;;19,96;921,69;940,85;941,65;926,10;15,55;;;24,24;926,96;950,29;951,20;912,20;39,00;;8,44;914,14;921,42;922,58;893,58;29,00
29/05/2026;;;;;;;;;;;;;;;;;;;;;;;;;;;;;;;;;;;;;;;;;;;;;;;;;;17,84;933,77;950,36;951,61;920,98;30,63;;5,35;951,53;955,88;956,88;949,77;7,11;;5,94;968,43;973,19;974,37;962,81;11,56;;6,05;967,85;972,88;973,90;965,60;8,30;;5,47;948,32;953,14;953,79;944,86;8,93;;21,53;941,13;961,70;962,66;913,66;49,00;;10,15;950,91;950,36;961,06;927,06;34,00;;;956,51;955,68;956,51;940,96;15,55;;12,63;947,96;959,52;960,59;931,59;29,00;;15,40;924,15;938,68;939,55;914,85;24,70;;12,82;932,18;943,77;945,00;906,00;39,00;;20,01;921,64;940,85;941,65;926,10;15,55;;;24,38;926,82;950,29;951,20;912,20;39,00;;8,61;913,97;921,42;922,58;893,58;29,00
26/06/2026;;;;;;;;;;;;;;;;;;;;;;;;;;;;;;;;;;;;;;;;;;;;;;;;;;17,75;933,86;950,36;951,61;920,98;30,63;;5,94;950,94;955,88;956,88;949,77;7,11;;5,93;968,44;973,19;974,37;962,81;11,56;;6,54;967,36;972,88;973,90;965,60;8,30;;6,12;947,67;953,14;953,79;944,86;8,93;;21,62;941,04;961,70;962,66;913,66;49,00;;10,69;950,37;950,36;961,06;927,06;34,00;;;956,51;955,68;956,51;940,96;15,55;;12,67;947,92;959,52;960,59;931,59;29,00;;17,84;921,71;938,68;939,55;914,85;24,70;;5,43;939,57;943,77;945,00;906,00;39,00;;20,11;921,54;940,85;941,65;926,10;15,55;;;24,60;926,60;950,29;951,20;912,20;39,00;;8,75;913,83;921,42;922,58;893,58;29,00
30/07/2026;;;;;;;;;;;;;;;;;;;;;;;;;;;;;;;;;;;;;;;;;;;;;;;;;;18,32;933,29;950,36;951,61;920,98;30,63;;6,80;950,08;955,88;956,88;949,77;7,11;;5,94;968,43;973,19;974,37;962,81;11,56;;7,33;966,57;972,88;973,90;965,60;8,30;;7,30;946,49;953,14;953,79;944,86;8,93;;22,06;940,60;961,70;962,66;913,66;49,00;;11,47;949,59;950,36;961,06;927,06;34,00;;;956,51;955,68;956,51;940,96;15,55;;11,24;949,35;959,52;960,59;931,59;29,00;;20,14;919,41;938,68;939,55;914,85;24,70;;14,66;930,34;943,77;945,00;906,00;39,00;;20,61;921,04;940,85;941,65;926,10;15,55;;;25,25;925,95;950,29;951,20;912,20;39,00;;9,19;913,39;921,42;922,58;893,58;29,00
;;;;;;;;;;;;;;;;;;;;;;;;;;;;;;;;;;;;;;;;;;;;;;;;;;;951,61;950,36;951,61;920,98;30,63;;;956,88;955,88;956,88;949,77;7,11;;;974,37;973,19;974,37;962,81;11,56;;;973,90;972,88;973,90;965,60;8,30;;;953,79;953,14;953,79;944,86;8,93;;;962,66;961,70;962,66;913,66;49,00;;;961,06;950,36;961,06;927,06;34,00;;;956,51;955,68;956,51;940,96;15,55;;;960,59;959,52;960,59;931,59;29,00;;;939,55;938,68;939,55;914,85;24,70;;;945,00;943,77;945,00;906,00;39,00;;;941,65;940,85;941,65;926,10;15,55;;;;951,20;950,29;951,20;912,20;39,00;;;922,58;921,42;922,58;893,58;29,00
;;;;;;;;;;;;;;;;;;;;;;;;;;;;;;;;;;;;;;;;;;;;;;;;;;;951,61;950,36;951,61;920,98;30,63;;;956,88;955,88;956,88;949,77;7,11;;;974,37;973,19;974,37;962,81;11,56;;;973,90;972,88;973,90;965,60;8,30;;;953,79;953,14;953,79;944,86;8,93;;;962,66;961,70;962,66;913,66;49,00;;;961,06;950,36;961,06;927,06;34,00;;;956,51;955,68;956,51;940,96;15,55;;;960,59;959,52;960,59;931,59;29,00;;;939,55;938,68;939,55;914,85;24,70;;;945,00;943,77;945,00;906,00;39,00;;;941,65;940,85;941,65;926,10;15,55;;;;951,20;950,29;951,20;912,20;39,00;;;922,58;921,42;922,58;893,58;29,00
;;;;;;;;;;;;;;;;;;;;;;;;;;;;;;;;;;;;;;;;;;;;;;;;;;;951,61;950,36;951,61;920,98;30,63;;;956,88;955,88;956,88;949,77;7,11;;;974,37;973,19;974,37;962,81;11,56;;;973,90;972,88;973,90;965,60;8,30;;;953,79;953,14;953,79;944,86;8,93;;;962,66;961,70;962,66;913,66;49,00;;;961,06;950,36;961,06;927,06;34,00;;;956,51;955,68;956,51;940,96;15,55;;;960,59;959,52;960,59;931,59;29,00;;;939,55;938,68;939,55;914,85;24,70;;;945,00;943,77;945,00;906,00;39,00;;;941,65;940,85;941,65;926,10;15,55;;;;951,20;950,29;951,20;912,20;39,00;;;922,58;921,42;922,58;893,58;29,00
;;;;;;;;;;;;;;;;;;;;;;;;;;;;;;;;;;;;;;;;;;;;;;;;;;;951,61;950,36;951,61;920,98;30,63;;;956,88;955,88;956,88;949,77;7,11;;;974,37;973,19;974,37;962,81;11,56;;;973,90;972,88;973,90;965,60;8,30;;;953,79;953,14;953,79;944,86;8,93;;;962,66;961,70;962,66;913,66;49,00;;;961,06;950,36;961,06;927,06;34,00;;;956,51;955,68;956,51;940,96;15,55;;;960,59;959,52;960,59;931,59;29,00;;;939,55;938,68;939,55;914,85;24,70;;;945,00;943,77;945,00;906,00;39,00;;;941,65;940,85;941,65;926,10;15,55;;;;951,20;950,29;951,20;912,20;39,00;;;922,58;921,42;922,58;893,58;29,00
;;;;;;;;;;;;;;;;;;;;;;;;;;;;;;;;;;;;;;;;;;;;;;;;;;;951,61;950,36;951,61;920,98;30,63;;;956,88;955,88;956,88;949,77;7,11;;;974,37;973,19;974,37;962,81;11,56;;;973,90;972,88;973,90;965,60;8,30;;;953,79;953,14;953,79;944,86;8,93;;;962,66;961,70;962,66;913,66;49,00;;;961,06;950,36;961,06;927,06;34,00;;;956,51;955,68;956,51;940,96;15,55;;;960,59;959,52;960,59;931,59;29,00;;;939,55;938,68;939,55;914,85;24,70;;;945,00;943,77;945,00;906,00;39,00;;;941,65;940,85;941,65;926,10;15,55;;;;951,20;950,29;951,20;912,20;39,00;;;922,58;921,42;922,58;893,58;29,00
;;;;;;;;;;;;;;;;;;;;;;;;;;;;;;;;;;;;;;;;;;;;;;;;;;;951,61;950,36;951,61;920,98;30,63;;;956,88;955,88;956,88;949,77;7,11;;;974,37;973,19;974,37;962,81;11,56;;;973,90;972,88;973,90;965,60;8,30;;;953,79;953,14;953,79;944,86;8,93;;;962,66;961,70;962,66;913,66;49,00;;;961,06;950,36;961,06;927,06;34,00;;;956,51;955,68;956,51;940,96;15,55;;;960,59;959,52;960,59;931,59;29,00;;;939,55;938,68;939,55;914,85;24,70;;;945,00;943,77;945,00;906,00;39,00;;;941,65;940,85;941,65;926,10;15,55;;;;951,20;950,29;951,20;912,20;39,00;;;922,58;921,42;922,58;893,58;29,00
;;;;;;;;;;;;;;;;;;;;;;;;;;;;;;;;;;;;;;;;;;;;;;;;;;;951,61;950,36;951,61;920,98;30,63;;;956,88;955,88;956,88;949,77;7,11;;;974,37;973,19;974,37;962,81;11,56;;;973,90;972,88;973,90;965,60;8,30;;;953,79;953,14;953,79;944,86;8,93;;;962,66;961,70;962,66;913,66;49,00;;;961,06;950,36;961,06;927,06;34,00;;;956,51;955,68;956,51;940,96;15,55;;;960,59;959,52;960,59;931,59;29,00;;;939,55;938,68;939,55;914,85;24,70;;;945,00;943,77;945,00;906,00;39,00;;;941,65;940,85;941,65;926,10;15,55;;;;951,20;950,29;951,20;912,20;39,00;;;922,58;921,42;922,58;893,58;29,00
;;;;;;;;;;;;;;;;;;;;;;;;;;;;;;;;;;;;;;;;;;;;;;;;;;;951,61;950,36;951,61;920,98;30,63;;;956,88;955,88;956,88;949,77;7,11;;;974,37;973,19;974,37;962,81;11,56;;;973,90;972,88;973,90;965,60;8,30;;;953,79;953,14;953,79;944,86;8,93;;;962,66;961,70;962,66;913,66;49,00;;;961,06;950,36;961,06;927,06;34,00;;;956,51;955,68;956,51;940,96;15,55;;;960,59;959,52;960,59;931,59;29,00;;;939,55;938,68;939,55;914,85;24,70;;;945,00;943,77;945,00;906,00;39,00;;;941,65;940,85;941,65;926,10;15,55;;;;951,20;950,29;951,20;912,20;39,00;;;922,58;921,42;922,58;893,58;29,00
;;;;;;;;;;;;;;;;;;;;;;;;;;;;;;;;;;;;;;;;;;;;;;;;;;;951,61;950,36;951,61;920,98;30,63;;;956,88;955,88;956,88;949,77;7,11;;;974,37;973,19;974,37;962,81;11,56;;;973,90;972,88;973,90;965,60;8,30;;;953,79;953,14;953,79;944,86;8,93;;;962,66;961,70;962,66;913,66;49,00;;;961,06;950,36;961,06;927,06;34,00;;;956,51;955,68;956,51;940,96;15,55;;;960,59;959,52;960,59;931,59;29,00;;;939,55;938,68;939,55;914,85;24,70;;;945,00;943,77;945,00;906,00;39,00;;;941,65;940,85;941,65;926,10;15,55;;;;951,20;950,29;951,20;912,20;39,00;;;922,58;921,42;922,58;893,58;29,00
;;;;;;;;;;;;;;;;;;;;;;;;;;;;;;;;;;;;;;;;;;;;;;;;;;;951,61;950,36;951,61;920,98;30,63;;;956,88;955,88;956,88;949,77;7,11;;;974,37;973,19;974,37;962,81;11,56;;;973,90;972,88;973,90;965,60;8,30;;;953,79;953,14;953,79;944,86;8,93;;;962,66;961,70;962,66;913,66;49,00;;;961,06;950,36;961,06;927,06;34,00;;;956,51;955,68;956,51;940,96;15,55;;;960,59;959,52;960,59;931,59;29,00;;;939,55;938,68;939,55;914,85;24,70;;;945,00;943,77;945,00;906,00;39,00;;;941,65;940,85;941,65;926,10;15,55;;;;951,20;950,29;951,20;912,20;39,00;;;922,58;921,42;922,58;893,58;29,00
;;;;;;;;;;;;;;;;;;;;;;;;;;;;;;;;;;;;;;;;;;;;;;;;;;;951,61;950,36;951,61;920,98;30,63;;;956,88;955,88;956,88;949,77;7,11;;;974,37;973,19;974,37;962,81;11,56;;;973,90;972,88;973,90;965,60;8,30;;;953,79;953,14;953,79;944,86;8,93;;;962,66;961,70;962,66;913,66;49,00;;;961,06;950,36;961,06;927,06;34,00;;;956,51;955,68;956,51;940,96;15,55;;;960,59;959,52;960,59;931,59;29,00;;;939,55;938,68;939,55;914,85;24,70;;;945,00;943,77;945,00;906,00;39,00;;;941,65;940,85;941,65;926,10;15,55;;;;951,20;950,29;951,20;912,20;39,00;;;922,58;921,42;922,58;893,58;29,00
;;;;;;;;;;;;;;;;;;;;;;;;;;;;;;;;;;;;;;;;;;;;;;;;;;;951,61;950,36;951,61;920,98;30,63;;;956,88;955,88;956,88;949,77;7,11;;;974,37;973,19;974,37;962,81;11,56;;;973,90;972,88;973,90;965,60;8,30;;;953,79;953,14;953,79;944,86;8,93;;;962,66;961,70;962,66;913,66;49,00;;;961,06;950,36;961,06;927,06;34,00;;;956,51;955,68;956,51;940,96;15,55;;;960,59;959,52;960,59;931,59;29,00;;;939,55;938,68;939,55;914,85;24,70;;;945,00;943,77;945,00;906,00;39,00;;;941,65;940,85;941,65;926,10;15,55;;;;951,20;950,29;951,20;912,20;39,00;;;922,58;921,42;922,58;893,58;29,00
;;;;;;;;;;;;;;;;;;;;;;;;;;;;;;;;;;;;;;;;;;;;;;;;;;;951,61;950,36;951,61;920,98;30,63;;;956,88;955,88;956,88;949,77;7,11;;;974,37;973,19;974,37;962,81;11,56;;;973,90;972,88;973,90;965,60;8,30;;;953,79;953,14;953,79;944,86;8,93;;;962,66;961,70;962,66;913,66;49,00;;;961,06;950,36;961,06;927,06;34,00;;;956,51;955,68;956,51;940,96;15,55;;;960,59;959,52;960,59;931,59;29,00;;;939,55;938,68;939,55;914,85;24,70;;;945,00;943,77;945,00;906,00;39,00;;;941,65;940,85;941,65;926,10;15,55;;;;951,20;950,29;951,20;912,20;39,00;;;922,58;921,42;922,58;893,58;29,00
;;;;;;;;;;;;;;;;;;;;;;;;;;;;;;;;;;;;;;;;;;;;;;;;;;;951,61;950,36;951,61;920,98;30,63;;;956,88;955,88;956,88;949,77;7,11;;;974,37;973,19;974,37;962,81;11,56;;;973,90;972,88;973,90;965,60;8,30;;;953,79;953,14;953,79;944,86;8,93;;;962,66;961,70;962,66;913,66;49,00;;;961,06;950,36;961,06;927,06;34,00;;;956,51;955,68;956,51;940,96;15,55;;;960,59;959,52;960,59;931,59;29,00;;;939,55;938,68;939,55;914,85;24,70;;;945,00;943,77;945,00;906,00;39,00;;;941,65;940,85;941,65;926,10;15,55;;;;951,20;950,29;951,20;912,20;39,00;;;922,58;921,42;922,58;893,58;29,00
;;;;;;;;;;;;;;;;;;;;;;;;;;;;;;;;;;;;;;;;;;;;;;;;;;;951,61;950,36;951,61;920,98;30,63;;;956,88;955,88;956,88;949,77;7,11;;;974,37;973,19;974,37;962,81;11,56;;;973,90;972,88;973,90;965,60;8,30;;;953,79;953,14;953,79;944,86;8,93;;;962,66;961,70;962,66;913,66;49,00;;;961,06;950,36;961,06;927,06;34,00;;;956,51;955,68;956,51;940,96;15,55;;;960,59;959,52;960,59;931,59;29,00;;;939,55;938,68;939,55;914,85;24,70;;;945,00;943,77;945,00;906,00;39,00;;;941,65;940,85;941,65;926,10;15,55;;;;951,20;950,29;951,20;912,20;39,00;;;922,58;921,42;922,58;893,58;29,00
;;;;;;;;;;;;;;;;;;;;;;;;;;;;;;;;;;;;;;;;;;;;;;;;;;;951,61;950,36;951,61;920,98;30,63;;;956,88;955,88;956,88;949,77;7,11;;;974,37;973,19;974,37;962,81;11,56;;;973,90;972,88;973,90;965,60;8,30;;;953,79;953,14;953,79;944,86;8,93;;;962,66;961,70;962,66;913,66;49,00;;;961,06;950,36;961,06;927,06;34,00;;;956,51;955,68;956,51;940,96;15,55;;;960,59;959,52;960,59;931,59;29,00;;;939,55;938,68;939,55;914,85;24,70;;;945,00;943,77;945,00;906,00;39,00;;;941,65;940,85;941,65;926,10;15,55;;;;951,20;950,29;951,20;912,20;39,00;;;922,58;921,42;922,58;893,58;29,00
;;;;;;;;;;;;;;;;;;;;;;;;;;;;;;;;;;;;;;;;;;;;;;;;;;;951,61;950,36;951,61;920,98;30,63;;;956,88;955,88;956,88;949,77;7,11;;;974,37;973,19;974,37;962,81;11,56;;;973,90;972,88;973,90;965,60;8,30;;;953,79;953,14;953,79;944,86;8,93;;;962,66;961,70;962,66;913,66;49,00;;;961,06;950,36;961,06;927,06;34,00;;;956,51;955,68;956,51;940,96;15,55;;;960,59;959,52;960,59;931,59;29,00;;;939,55;938,68;939,55;914,85;24,70;;;945,00;943,77;945,00;906,00;39,00;;;941,65;940,85;941,65;926,10;15,55;;;;951,20;950,29;951,20;912,20;39,00;;;922,58;921,42;922,58;893,58;29,00
;;;;;;;;;;;;;;;;;;;;;;;;;;;;;;;;;;;;;;;;;;;;;;;;;;;951,61;950,36;951,61;920,98;30,63;;;956,88;955,88;956,88;949,77;7,11;;;974,37;973,19;974,37;962,81;11,56;;;973,90;972,88;973,90;965,60;8,30;;;953,79;953,14;953,79;944,86;8,93;;;962,66;961,70;962,66;913,66;49,00;;;961,06;950,36;961,06;927,06;34,00;;;956,51;955,68;956,51;940,96;15,55;;;960,59;959,52;960,59;931,59;29,00;;;939,55;938,68;939,55;914,85;24,70;;;945,00;943,77;945,00;906,00;39,00;;;941,65;940,85;941,65;926,10;15,55;;;;951,20;950,29;951,20;912,20;39,00;;;922,58;921,42;922,58;893,58;29,00
;;;;;;;;;;;;;;;;;;;;;;;;;;;;;;;;;;;;;;;;;;;;;;;;;;;951,61;950,36;951,61;920,98;30,63;;;956,88;955,88;956,88;949,77;7,11;;;974,37;973,19;974,37;962,81;11,56;;;973,90;972,88;973,90;965,60;8,30;;;953,79;953,14;953,79;944,86;8,93;;;962,66;961,70;962,66;913,66;49,00;;;961,06;950,36;961,06;927,06;34,00;;;956,51;955,68;956,51;940,96;15,55;;;960,59;959,52;960,59;931,59;29,00;;;939,55;938,68;939,55;914,85;24,70;;;945,00;943,77;945,00;906,00;39,00;;;941,65;940,85;941,65;926,10;15,55;;;;951,20;950,29;951,20;912,20;39,00;;;922,58;921,42;922,58;893,58;29,00
;;;;;;;;;;;;;;;;;;;;;;;;;;;;;;;;;;;;;;;;;;;;;;;;;;;951,61;950,36;951,61;920,98;30,63;;;956,88;955,88;956,88;949,77;7,11;;;974,37;973,19;974,37;962,81;11,56;;;973,90;972,88;973,90;965,60;8,30;;;953,79;953,14;953,79;944,86;8,93;;;962,66;961,70;962,66;913,66;49,00;;;961,06;950,36;961,06;927,06;34,00;;;956,51;955,68;956,51;940,96;15,55;;;960,59;959,52;960,59;931,59;29,00;;;939,55;938,68;939,55;914,85;24,70;;;945,00;943,77;945,00;906,00;39,00;;;941,65;940,85;941,65;926,10;15,55;;;;951,20;950,29;951,20;912,20;39,00;;;922,58;921,42;922,58;893,58;29,00
;;;;;;;;;;;;;;;;;;;;;;;;;;;;;;;;;;;;;;;;;;;;;;;;;;;951,61;950,36;951,61;920,98;30,63;;;956,88;955,88;956,88;949,77;7,11;;;974,37;973,19;974,37;962,81;11,56;;;973,90;972,88;973,90;965,60;8,30;;;953,79;953,14;953,79;944,86;8,93;;;962,66;961,70;962,66;913,66;49,00;;;961,06;950,36;961,06;927,06;34,00;;;956,51;955,68;956,51;940,96;15,55;;;960,59;959,52;960,59;931,59;29,00;;;939,55;938,68;939,55;914,85;24,70;;;945,00;943,77;945,00;906,00;39,00;;;941,65;940,85;941,65;926,10;15,55;;;;951,20;950,29;951,20;912,20;39,00;;;922,58;921,42;922,58;893,58;29,00
;;;;;;;;;;;;;;;;;;;;;;;;;;;;;;;;;;;;;;;;;;;;;;;;;;;951,61;950,36;951,61;920,98;30,63;;;956,88;955,88;956,88;949,77;7,11;;;974,37;973,19;974,37;962,81;11,56;;;973,90;972,88;973,90;965,60;8,30;;;953,79;953,14;953,79;944,86;8,93;;;962,66;961,70;962,66;913,66;49,00;;;961,06;950,36;961,06;927,06;34,00;;;956,51;955,68;956,51;940,96;15,55;;;960,59;959,52;960,59;931,59;29,00;;;939,55;938,68;939,55;914,85;24,70;;;945,00;943,77;945,00;906,00;39,00;;;941,65;940,85;941,65;926,10;15,55;;;;951,20;950,29;951,20;912,20;39,00;;;922,58;921,42;922,58;893,58;29,00
;;;;;;;;;;;;;;;;;;;;;;;;;;;;;;;;;;;;;;;;;;;;;;;;;;;951,61;950,36;951,61;920,98;30,63;;;956,88;955,88;956,88;949,77;7,11;;;974,37;973,19;974,37;962,81;11,56;;;973,90;972,88;973,90;965,60;8,30;;;953,79;953,14;953,79;944,86;8,93;;;962,66;961,70;962,66;913,66;49,00;;;961,06;950,36;961,06;927,06;34,00;;;956,51;955,68;956,51;940,96;15,55;;;960,59;959,52;960,59;931,59;29,00;;;939,55;938,68;939,55;914,85;24,70;;;945,00;943,77;945,00;906,00;39,00;;;941,65;940,85;941,65;926,10;15,55;;;;951,20;950,29;951,20;912,20;39,00;;;922,58;921,42;922,58;893,58;29,00
;;;;;;;;;;;;;;;;;;;;;;;;;;;;;;;;;;;;;;;;;;;;;;;;;;;951,61;950,36;951,61;920,98;30,63;;;956,88;955,88;956,88;949,77;7,11;;;974,37;973,19;974,37;962,81;11,56;;;973,90;972,88;973,90;965,60;8,30;;;953,79;953,14;953,79;944,86;8,93;;;962,66;961,70;962,66;913,66;49,00;;;961,06;950,36;961,06;927,06;34,00;;;956,51;955,68;956,51;940,96;15,55;;;960,59;959,52;960,59;931,59;29,00;;;939,55;938,68;939,55;914,85;24,70;;;945,00;943,77;945,00;906,00;39,00;;;941,65;940,85;941,65;926,10;15,55;;;;951,20;950,29;951,20;912,20;39,00;;;922,58;921,42;922,58;893,58;29,00
;;;;;;;;;;;;;;;;;;;;;;;;;;;;;;;;;;;;;;;;;;;;;;;;;;;951,61;950,36;951,61;920,98;30,63;;;956,88;955,88;956,88;949,77;7,11;;;974,37;973,19;974,37;962,81;11,56;;;973,90;972,88;973,90;965,60;8,30;;;953,79;953,14;953,79;944,86;8,93;;;962,66;961,70;962,66;913,66;49,00;;;961,06;950,36;961,06;927,06;34,00;;;956,51;955,68;956,51;940,96;15,55;;;960,59;959,52;960,59;931,59;29,00;;;939,55;938,68;939,55;914,85;24,70;;;945,00;943,77;945,00;906,00;39,00;;;941,65;940,85;941,65;926,10;15,55;;;;951,20;950,29;951,20;912,20;39,00;;;922,58;921,42;922,58;893,58;29,00
;;;;;;;;;;;;;;;;;;;;;;;;;;;;;;;;;;;;;;;;;;;;;;;;;;;951,61;950,36;951,61;920,98;30,63;;;956,88;955,88;956,88;949,77;7,11;;;974,37;973,19;974,37;962,81;11,56;;;973,90;972,88;973,90;965,60;8,30;;;953,79;953,14;953,79;944,86;8,93;;;962,66;961,70;962,66;913,66;49,00;;;961,06;950,36;961,06;927,06;34,00;;;956,51;955,68;956,51;940,96;15,55;;;960,59;959,52;960,59;931,59;29,00;;;939,55;938,68;939,55;914,85;24,70;;;945,00;943,77;945,00;906,00;39,00;;;941,65;940,85;941,65;926,10;15,55;;;;951,20;950,29;951,20;912,20;39,00;;;922,58;921,42;922,58;893,58;29,00
;;;;;;;;;;;;;;;;;;;;;;;;;;;;;;;;;;;;;;;;;;;;;;;;;;;951,61;950,36;951,61;920,98;30,63;;;956,88;955,88;956,88;949,77;7,11;;;974,37;973,19;974,37;962,81;11,56;;;973,90;972,88;973,90;965,60;8,30;;;953,79;953,14;953,79;944,86;8,93;;;962,66;961,70;962,66;913,66;49,00;;;961,06;950,36;961,06;927,06;34,00;;;956,51;955,68;956,51;940,96;15,55;;;960,59;959,52;960,59;931,59;29,00;;;939,55;938,68;939,55;914,85;24,70;;;945,00;943,77;945,00;906,00;39,00;;;941,65;940,85;941,65;926,10;15,55;;;;951,20;950,29;951,20;912,20;39,00;;;922,58;921,42;922,58;893,58;29,00
;;;;;;;;;;;;;;;;;;;;;;;;;;;;;;;;;;;;;;;;;;;;;;;;;;;951,61;950,36;951,61;920,98;30,63;;;956,88;955,88;956,88;949,77;7,11;;;974,37;973,19;974,37;962,81;11,56;;;973,90;972,88;973,90;965,60;8,30;;;953,79;953,14;953,79;944,86;8,93;;;962,66;961,70;962,66;913,66;49,00;;;961,06;950,36;961,06;927,06;34,00;;;956,51;955,68;956,51;940,96;15,55;;;960,59;959,52;960,59;931,59;29,00;;;939,55;938,68;939,55;914,85;24,70;;;945,00;943,77;945,00;906,00;39,00;;;941,65;940,85;941,65;926,10;15,55;;;;951,20;950,29;951,20;912,20;39,00;;;922,58;921,42;922,58;893,58;29,00
;;;;;;;;;;;;;;;;;;;;;;;;;;;;;;;;;;;;;;;;;;;;;;;;;;;951,61;950,36;951,61;920,98;30,63;;;956,88;955,88;956,88;949,77;7,11;;;974,37;973,19;974,37;962,81;11,56;;;973,90;972,88;973,90;965,60;8,30;;;953,79;953,14;953,79;944,86;8,93;;;962,66;961,70;962,66;913,66;49,00;;;961,06;950,36;961,06;927,06;34,00;;;956,51;955,68;956,51;940,96;15,55;;;960,59;959,52;960,59;931,59;29,00;;;939,55;938,68;939,55;914,85;24,70;;;945,00;943,77;945,00;906,00;39,00;;;941,65;940,85;941,65;926,10;15,55;;;;951,20;950,29;951,20;912,20;39,00;;;922,58;921,42;922,58;893,58;29,00
;;;;;;;;;;;;;;;;;;;;;;;;;;;;;;;;;;;;;;;;;;;;;;;;;;;951,61;950,36;951,61;920,98;30,63;;;956,88;955,88;956,88;949,77;7,11;;;974,37;973,19;974,37;962,81;11,56;;;973,90;972,88;973,90;965,60;8,30;;;953,79;953,14;953,79;944,86;8,93;;;962,66;961,70;962,66;913,66;49,00;;;961,06;950,36;961,06;927,06;34,00;;;956,51;955,68;956,51;940,96;15,55;;;960,59;959,52;960,59;931,59;29,00;;;939,55;938,68;939,55;914,85;24,70;;;945,00;943,77;945,00;906,00;39,00;;;941,65;940,85;941,65;926,10;15,55;;;;951,20;950,29;951,20;912,20;39,00;;;922,58;921,42;922,58;893,58;29,00
;;;;;;;;;;;;;;;;;;;;;;;;;;;;;;;;;;;;;;;;;;;;;;;;;;;951,61;950,36;951,61;920,98;30,63;;;956,88;955,88;956,88;949,77;7,11;;;974,37;973,19;974,37;962,81;11,56;;;973,90;972,88;973,90;965,60;8,30;;;953,79;953,14;953,79;944,86;8,93;;;962,66;961,70;962,66;913,66;49,00;;;961,06;950,36;961,06;927,06;34,00;;;956,51;955,68;956,51;940,96;15,55;;;960,59;959,52;960,59;931,59;29,00;;;939,55;938,68;939,55;914,85;24,70;;;945,00;943,77;945,00;906,00;39,00;;;941,65;940,85;941,65;926,10;15,55;;;;951,20;950,29;951,20;912,20;39,00;;;922,58;921,42;922,58;893,58;29,00
;;;;;;;;;;;;;;;;;;;;;;;;;;;;;;;;;;;;;;;;;;;;;;;;;;;951,61;950,36;951,61;920,98;30,63;;;956,88;955,88;956,88;949,77;7,11;;;974,37;973,19;974,37;962,81;11,56;;;973,90;972,88;973,90;965,60;8,30;;;953,79;953,14;953,79;944,86;8,93;;;962,66;961,70;962,66;913,66;49,00;;;961,06;950,36;961,06;927,06;34,00;;;956,51;955,68;956,51;940,96;15,55;;;960,59;959,52;960,59;931,59;29,00;;;939,55;938,68;939,55;914,85;24,70;;;945,00;943,77;945,00;906,00;39,00;;;941,65;940,85;941,65;926,10;15,55;;;;951,20;950,29;951,20;912,20;39,00;;;922,58;921,42;922,58;893,58;29,00
;;;;;;;;;;;;;;;;;;;;;;;;;;;;;;;;;;;;;;;;;;;;;;;;;;;951,61;950,36;951,61;920,98;30,63;;;956,88;955,88;956,88;949,77;7,11;;;974,37;973,19;974,37;962,81;11,56;;;973,90;972,88;973,90;965,60;8,30;;;953,79;953,14;953,79;944,86;8,93;;;962,66;961,70;962,66;913,66;49,00;;;961,06;950,36;961,06;927,06;34,00;;;956,51;955,68;956,51;940,96;15,55;;;960,59;959,52;960,59;931,59;29,00;;;939,55;938,68;939,55;914,85;24,70;;;945,00;943,77;945,00;906,00;39,00;;;941,65;940,85;941,65;926,10;15,55;;;;951,20;950,29;951,20;912,20;39,00;;;922,58;921,42;922,58;893,58;29,00
;;;;;;;;;;;;;;;;;;;;;;;;;;;;;;;;;;;;;;;;;;;;;;;;;;;951,61;950,36;951,61;920,98;30,63;;;956,88;955,88;956,88;949,77;7,11;;;974,37;973,19;974,37;962,81;11,56;;;973,90;972,88;973,90;965,60;8,30;;;953,79;953,14;953,79;944,86;8,93;;;962,66;961,70;962,66;913,66;49,00;;;961,06;950,36;961,06;927,06;34,00;;;956,51;955,68;956,51;940,96;15,55;;;960,59;959,52;960,59;931,59;29,00;;;939,55;938,68;939,55;914,85;24,70;;;945,00;943,77;945,00;906,00;39,00;;;941,65;940,85;941,65;926,10;15,55;;;;951,20;950,29;951,20;912,20;39,00;;;922,58;921,42;922,58;893,58;29,00
;;;;;;;;;;;;;;;;;;;;;;;;;;;;;;;;;;;;;;;;;;;;;;;;;;;951,61;950,36;951,61;920,98;30,63;;;956,88;955,88;956,88;949,77;7,11;;;974,37;973,19;974,37;962,81;11,56;;;973,90;972,88;973,90;965,60;8,30;;;953,79;953,14;953,79;944,86;8,93;;;962,66;961,70;962,66;913,66;49,00;;;961,06;950,36;961,06;927,06;34,00;;;956,51;955,68;956,51;940,96;15,55;;;960,59;959,52;960,59;931,59;29,00;;;939,55;938,68;939,55;914,85;24,70;;;945,00;943,77;945,00;906,00;39,00;;;941,65;940,85;941,65;926,10;15,55;;;;951,20;950,29;951,20;912,20;39,00;;;922,58;921,42;922,58;893,58;29,00
;;;;;;;;;;;;;;;;;;;;;;;;;;;;;;;;;;;;;;;;;;;;;;;;;;;951,61;950,36;951,61;920,98;30,63;;;956,88;955,88;956,88;949,77;7,11;;;974,37;973,19;974,37;962,81;11,56;;;973,90;972,88;973,90;965,60;8,30;;;953,79;953,14;953,79;944,86;8,93;;;962,66;961,70;962,66;913,66;49,00;;;961,06;950,36;961,06;927,06;34,00;;;956,51;955,68;956,51;940,96;15,55;;;960,59;959,52;960,59;931,59;29,00;;;939,55;938,68;939,55;914,85;24,70;;;945,00;943,77;945,00;906,00;39,00;;;941,65;940,85;941,65;926,10;15,55;;;;951,20;950,29;951,20;912,20;39,00;;;922,58;921,42;922,58;893,58;29,00
;;;;;;;;;;;;;;;;;;;;;;;;;;;;;;;;;;;;;;;;;;;;;;;;;;;951,61;950,36;951,61;920,98;30,63;;;956,88;955,88;956,88;949,77;7,11;;;974,37;973,19;974,37;962,81;11,56;;;973,90;972,88;973,90;965,60;8,30;;;953,79;953,14;953,79;944,86;8,93;;;962,66;961,70;962,66;913,66;49,00;;;961,06;950,36;961,06;927,06;34,00;;;956,51;955,68;956,51;940,96;15,55;;;960,59;959,52;960,59;931,59;29,00;;;939,55;938,68;939,55;914,85;24,70;;;945,00;943,77;945,00;906,00;39,00;;;941,65;940,85;941,65;926,10;15,55;;;;951,20;950,29;951,20;912,20;39,00;;;922,58;921,42;922,58;893,58;29,00
;;;;;;;;;;;;;;;;;;;;;;;;;;;;;;;;;;;;;;;;;;;;;;;;;;;951,61;950,36;951,61;920,98;30,63;;;956,88;955,88;956,88;949,77;7,11;;;974,37;973,19;974,37;962,81;11,56;;;973,90;972,88;973,90;965,60;8,30;;;953,79;953,14;953,79;944,86;8,93;;;962,66;961,70;962,66;913,66;49,00;;;961,06;950,36;961,06;927,06;34,00;;;956,51;955,68;956,51;940,96;15,55;;;960,59;959,52;960,59;931,59;29,00;;;939,55;938,68;939,55;914,85;24,70;;;945,00;943,77;945,00;906,00;39,00;;;941,65;940,85;941,65;926,10;15,55;;;;951,20;950,29;951,20;912,20;39,00;;;922,58;921,42;922,58;893,58;29,00
;;;;;;;;;;;;;;;;;;;;;;;;;;;;;;;;;;;;;;;;;;;;;;;;;;;951,61;950,36;951,61;920,98;30,63;;;956,88;955,88;956,88;949,77;7,11;;;974,37;973,19;974,37;962,81;11,56;;;973,90;972,88;973,90;965,60;8,30;;;953,79;953,14;953,79;944,86;8,93;;;962,66;961,70;962,66;913,66;49,00;;;961,06;950,36;961,06;927,06;34,00;;;956,51;955,68;956,51;940,96;15,55;;;960,59;959,52;960,59;931,59;29,00;;;939,55;938,68;939,55;914,85;24,70;;;945,00;943,77;945,00;906,00;39,00;;;941,65;940,85;941,65;926,10;15,55;;;;951,20;950,29;951,20;912,20;39,00;;;922,58;921,42;922,58;893,58;29,00
;;;;;;;;;;;;;;;;;;;;;;;;;;;;;;;;;;;;;;;;;;;;;;;;;;;951,61;950,36;951,61;920,98;30,63;;;956,88;955,88;956,88;949,77;7,11;;;974,37;973,19;974,37;962,81;11,56;;;973,90;972,88;973,90;965,60;8,30;;;953,79;953,14;953,79;944,86;8,93;;;962,66;961,70;962,66;913,66;49,00;;;961,06;950,36;961,06;927,06;34,00;;;956,51;955,68;956,51;940,96;15,55;;;960,59;959,52;960,59;931,59;29,00;;;939,55;938,68;939,55;914,85;24,70;;;945,00;943,77;945,00;906,00;39,00;;;941,65;940,85;941,65;926,10;15,55;;;;951,20;950,29;951,20;912,20;39,00;;;922,58;921,42;922,58;893,58;29,00
;;;;;;;;;;;;;;;;;;;;;;;;;;;;;;;;;;;;;;;;;;;;;;;;;;;951,61;950,36;951,61;920,98;30,63;;;956,88;955,88;956,88;949,77;7,11;;;974,37;973,19;974,37;962,81;11,56;;;973,90;972,88;973,90;965,60;8,30;;;953,79;953,14;953,79;944,86;8,93;;;962,66;961,70;962,66;913,66;49,00;;;961,06;950,36;961,06;927,06;34,00;;;956,51;955,68;956,51;940,96;15,55;;;960,59;959,52;960,59;931,59;29,00;;;939,55;938,68;939,55;914,85;24,70;;;945,00;943,77;945,00;906,00;39,00;;;941,65;940,85;941,65;926,10;15,55;;;;951,20;950,29;951,20;912,20;39,00;;;922,58;921,42;922,58;893,58;29,00
;;;;;;;;;;;;;;;;;;;;;;;;;;;;;;;;;;;;;;;;;;;;;;;;;;;951,61;950,36;951,61;920,98;30,63;;;956,88;955,88;956,88;949,77;7,11;;;974,37;973,19;974,37;962,81;11,56;;;973,90;972,88;973,90;965,60;8,30;;;953,79;953,14;953,79;944,86;8,93;;;962,66;961,70;962,66;913,66;49,00;;;961,06;950,36;961,06;927,06;34,00;;;956,51;955,68;956,51;940,96;15,55;;;960,59;959,52;960,59;931,59;29,00;;;939,55;938,68;939,55;914,85;24,70;;;945,00;943,77;945,00;906,00;39,00;;;941,65;940,85;941,65;926,10;15,55;;;;951,20;950,29;951,20;912,20;39,00;;;922,58;921,42;922,58;893,58;29,00
;;;;;;;;;;;;;;;;;;;;;;;;;;;;;;;;;;;;;;;;;;;;;;;;;;;951,61;950,36;951,61;920,98;30,63;;;956,88;955,88;956,88;949,77;7,11;;;974,37;973,19;974,37;962,81;11,56;;;973,90;972,88;973,90;965,60;8,30;;;953,79;953,14;953,79;944,86;8,93;;;962,66;961,70;962,66;913,66;49,00;;;961,06;950,36;961,06;927,06;34,00;;;956,51;955,68;956,51;940,96;15,55;;;960,59;959,52;960,59;931,59;29,00;;;939,55;938,68;939,55;914,85;24,70;;;945,00;943,77;945,00;906,00;39,00;;;941,65;940,85;941,65;926,10;15,55;;;;951,20;950,29;951,20;912,20;39,00;;;922,58;921,42;922,58;893,58;29,00
;;;;;;;;;;;;;;;;;;;;;;;;;;;;;;;;;;;;;;;;;;;;;;;;;;;951,61;950,36;951,61;920,98;30,63;;;956,88;955,88;956,88;949,77;7,11;;;974,37;973,19;974,37;962,81;11,56;;;973,90;972,88;973,90;965,60;8,30;;;953,79;953,14;953,79;944,86;8,93;;;962,66;961,70;962,66;913,66;49,00;;;961,06;950,36;961,06;927,06;34,00;;;956,51;955,68;956,51;940,96;15,55;;;960,59;959,52;960,59;931,59;29,00;;;939,55;938,68;939,55;914,85;24,70;;;945,00;943,77;945,00;906,00;39,00;;;941,65;940,85;941,65;926,10;15,55;;;;951,20;950,29;951,20;912,20;39,00;;;922,58;921,42;922,58;893,58;29,00
;;;;;;;;;;;;;;;;;;;;;;;;;;;;;;;;;;;;;;;;;;;;;;;;;;;951,61;950,36;951,61;920,98;30,63;;;956,88;955,88;956,88;949,77;7,11;;;974,37;973,19;974,37;962,81;11,56;;;973,90;972,88;973,90;965,60;8,30;;;953,79;953,14;953,79;944,86;8,93;;;962,66;961,70;962,66;913,66;49,00;;;961,06;950,36;961,06;927,06;34,00;;;956,51;955,68;956,51;940,96;15,55;;;960,59;959,52;960,59;931,59;29,00;;;939,55;938,68;939,55;914,85;24,70;;;945,00;943,77;945,00;906,00;39,00;;;941,65;940,85;941,65;926,10;15,55;;;;951,20;950,29;951,20;912,20;39,00;;;922,58;921,42;922,58;893,58;29,00
;;;;;;;;;;;;;;;;;;;;;;;;;;;;;;;;;;;;;;;;;;;;;;;;;;;951,61;950,36;951,61;920,98;30,63;;;956,88;955,88;956,88;949,77;7,11;;;974,37;973,19;974,37;962,81;11,56;;;973,90;972,88;973,90;965,60;8,30;;;953,79;953,14;953,79;944,86;8,93;;;962,66;961,70;962,66;913,66;49,00;;;961,06;950,36;961,06;927,06;34,00;;;956,51;955,68;956,51;940,96;15,55;;;960,59;959,52;960,59;931,59;29,00;;;939,55;938,68;939,55;914,85;24,70;;;945,00;943,77;945,00;906,00;39,00;;;941,65;940,85;941,65;926,10;15,55;;;;951,20;950,29;951,20;912,20;39,00;;;922,58;921,42;922,58;893,58;29,00
;;;;;;;;;;;;;;;;;;;;;;;;;;;;;;;;;;;;;;;;;;;;;;;;;;;951,61;950,36;951,61;920,98;30,63;;;956,88;955,88;956,88;949,77;7,11;;;974,37;973,19;974,37;962,81;11,56;;;973,90;972,88;973,90;965,60;8,30;;;953,79;953,14;953,79;944,86;8,93;;;962,66;961,70;962,66;913,66;49,00;;;961,06;950,36;961,06;927,06;34,00;;;956,51;955,68;956,51;940,96;15,55;;;960,59;959,52;960,59;931,59;29,00;;;939,55;938,68;939,55;914,85;24,70;;;945,00;943,77;945,00;906,00;39,00;;;941,65;940,85;941,65;926,10;15,55;;;;951,20;950,29;951,20;912,20;39,00;;;922,58;921,42;922,58;893,58;29,00
;;;;;;;;;;;;;;;;;;;;;;;;;;;;;;;;;;;;;;;;;;;;;;;;;;;951,61;950,36;951,61;920,98;30,63;;;956,88;955,88;956,88;949,77;7,11;;;974,37;973,19;974,37;962,81;11,56;;;973,90;972,88;973,90;965,60;8,30;;;953,79;953,14;953,79;944,86;8,93;;;962,66;961,70;962,66;913,66;49,00;;;961,06;950,36;961,06;927,06;34,00;;;956,51;955,68;956,51;940,96;15,55;;;960,59;959,52;960,59;931,59;29,00;;;939,55;938,68;939,55;914,85;24,70;;;945,00;943,77;945,00;906,00;39,00;;;941,65;940,85;941,65;926,10;15,55;;;;951,20;950,29;951,20;912,20;39,00;;;922,58;921,42;922,58;893,58;29,00
;;;;;;;;;;;;;;;;;;;;;;;;;;;;;;;;;;;;;;;;;;;;;;;;;;;951,61;950,36;951,61;920,98;30,63;;;956,88;955,88;956,88;949,77;7,11;;;974,37;973,19;974,37;962,81;11,56;;;973,90;972,88;973,90;965,60;8,30;;;953,79;953,14;953,79;944,86;8,93;;;962,66;961,70;962,66;913,66;49,00;;;961,06;950,36;961,06;927,06;34,00;;;956,51;955,68;956,51;940,96;15,55;;;960,59;959,52;960,59;931,59;29,00;;;939,55;938,68;939,55;914,85;24,70;;;945,00;943,77;945,00;906,00;39,00;;;941,65;940,85;941,65;926,10;15,55;;;;951,20;950,29;951,20;912,20;39,00;;;922,58;921,42;922,58;893,58;29,00
;;;;;;;;;;;;;;;;;;;;;;;;;;;;;;;;;;;;;;;;;;;;;;;;;;;951,61;950,36;951,61;920,98;30,63;;;956,88;955,88;956,88;949,77;7,11;;;974,37;973,19;974,37;962,81;11,56;;;973,90;972,88;973,90;965,60;8,30;;;953,79;953,14;953,79;944,86;8,93;;;962,66;961,70;962,66;913,66;49,00;;;961,06;950,36;961,06;927,06;34,00;;;956,51;955,68;956,51;940,96;15,55;;;960,59;959,52;960,59;931,59;29,00;;;939,55;938,68;939,55;914,85;24,70;;;945,00;943,77;945,00;906,00;39,00;;;941,65;940,85;941,65;926,10;15,55;;;;951,20;950,29;951,20;912,20;39,00;;;922,58;921,42;922,58;893,58;29,00
;;;;;;;;;;;;;;;;;;;;;;;;;;;;;;;;;;;;;;;;;;;;;;;;;;;951,61;950,36;951,61;920,98;30,63;;;956,88;955,88;956,88;949,77;7,11;;;974,37;973,19;974,37;962,81;11,56;;;973,90;972,88;973,90;965,60;8,30;;;953,79;953,14;953,79;944,86;8,93;;;962,66;961,70;962,66;913,66;49,00;;;961,06;950,36;961,06;927,06;34,00;;;956,51;955,68;956,51;940,96;15,55;;;960,59;959,52;960,59;931,59;29,00;;;939,55;938,68;939,55;914,85;24,70;;;945,00;943,77;945,00;906,00;39,00;;;941,65;940,85;941,65;926,10;15,55;;;;951,20;950,29;951,20;912,20;39,00;;;922,58;921,42;922,58;893,58;29,00
;;;;;;;;;;;;;;;;;;;;;;;;;;;;;;;;;;;;;;;;;;;;;;;;;;;951,61;950,36;951,61;920,98;30,63;;;956,88;955,88;956,88;949,77;7,11;;;974,37;973,19;974,37;962,81;11,56;;;973,90;972,88;973,90;965,60;8,30;;;953,79;953,14;953,79;944,86;8,93;;;962,66;961,70;962,66;913,66;49,00;;;961,06;950,36;961,06;927,06;34,00;;;956,51;955,68;956,51;940,96;15,55;;;960,59;959,52;960,59;931,59;29,00;;;939,55;938,68;939,55;914,85;24,70;;;945,00;943,77;945,00;906,00;39,00;;;941,65;940,85;941,65;926,10;15,55;;;;951,20;950,29;951,20;912,20;39,00;;;922,58;921,42;922,58;893,58;29,00
;;;;;;;;;;;;;;;;;;;;;;;;;;;;;;;;;;;;;;;;;;;;;;;;;;;951,61;950,36;951,61;920,98;30,63;;;956,88;955,88;956,88;949,77;7,11;;;974,37;973,19;974,37;962,81;11,56;;;973,90;972,88;973,90;965,60;8,30;;;953,79;953,14;953,79;944,86;8,93;;;962,66;961,70;962,66;913,66;49,00;;;961,06;950,36;961,06;927,06;34,00;;;956,51;955,68;956,51;940,96;15,55;;;960,59;959,52;960,59;931,59;29,00;;;939,55;938,68;939,55;914,85;24,70;;;945,00;943,77;945,00;906,00;39,00;;;941,65;940,85;941,65;926,10;15,55;;;;951,20;950,29;951,20;912,20;39,00;;;922,58;921,42;922,58;893,58;29,00
;;;;;;;;;;;;;;;;;;;;;;;;;;;;;;;;;;;;;;;;;;;;;;;;;;;951,61;950,36;951,61;920,98;30,63;;;956,88;955,88;956,88;949,77;7,11;;;974,37;973,19;974,37;962,81;11,56;;;973,90;972,88;973,90;965,60;8,30;;;953,79;953,14;953,79;944,86;8,93;;;962,66;961,70;962,66;913,66;49,00;;;961,06;950,36;961,06;927,06;34,00;;;956,51;955,68;956,51;940,96;15,55;;;960,59;959,52;960,59;931,59;29,00;;;939,55;938,68;939,55;914,85;24,70;;;945,00;943,77;945,00;906,00;39,00;;;941,65;940,85;941,65;926,10;15,55;;;;951,20;950,29;951,20;912,20;39,00;;;922,58;921,42;922,58;893,58;29,00
;;;;;;;;;;;;;;;;;;;;;;;;;;;;;;;;;;;;;;;;;;;;;;;;;;;951,61;950,36;951,61;920,98;30,63;;;956,88;955,88;956,88;949,77;7,11;;;974,37;973,19;974,37;962,81;11,56;;;973,90;972,88;973,90;965,60;8,30;;;953,79;953,14;953,79;944,86;8,93;;;962,66;961,70;962,66;913,66;49,00;;;961,06;950,36;961,06;927,06;34,00;;;956,51;955,68;956,51;940,96;15,55;;;960,59;959,52;960,59;931,59;29,00;;;939,55;938,68;939,55;914,85;24,70;;;945,00;943,77;945,00;906,00;39,00;;;941,65;940,85;941,65;926,10;15,55;;;;951,20;950,29;951,20;912,20;39,00;;;922,58;921,42;922,58;893,58;29,00
;;;;;;;;;;;;;;;;;;;;;;;;;;;;;;;;;;;;;;;;;;;;;;;;;;;951,61;950,36;951,61;920,98;30,63;;;956,88;955,88;956,88;949,77;7,11;;;974,37;973,19;974,37;962,81;11,56;;;973,90;972,88;973,90;965,60;8,30;;;953,79;953,14;953,79;944,86;8,93;;;962,66;961,70;962,66;913,66;49,00;;;961,06;950,36;961,06;927,06;34,00;;;956,51;955,68;956,51;940,96;15,55;;;960,59;959,52;960,59;931,59;29,00;;;939,55;938,68;939,55;914,85;24,70;;;945,00;943,77;945,00;906,00;39,00;;;941,65;940,85;941,65;926,10;15,55;;;;951,20;950,29;951,20;912,20;39,00;;;922,58;921,42;922,58;893,58;29,00
;;;;;;;;;;;;;;;;;;;;;;;;;;;;;;;;;;;;;;;;;;;;;;;;;;;951,61;950,36;951,61;920,98;30,63;;;956,88;955,88;956,88;949,77;7,11;;;974,37;973,19;974,37;962,81;11,56;;;973,90;972,88;973,90;965,60;8,30;;;953,79;953,14;953,79;944,86;8,93;;;962,66;961,70;962,66;913,66;49,00;;;961,06;950,36;961,06;927,06;34,00;;;956,51;955,68;956,51;940,96;15,55;;;960,59;959,52;960,59;931,59;29,00;;;939,55;938,68;939,55;914,85;24,70;;;945,00;943,77;945,00;906,00;39,00;;;941,65;940,85;941,65;926,10;15,55;;;;951,20;950,29;951,20;912,20;39,00;;;922,58;921,42;922,58;893,58;29,00
;;;;;;;;;;;;;;;;;;;;;;;;;;;;;;;;;;;;;;;;;;;;;;;;;;;951,61;950,36;951,61;920,98;30,63;;;956,88;955,88;956,88;949,77;7,11;;;974,37;973,19;974,37;962,81;11,56;;;973,90;972,88;973,90;965,60;8,30;;;953,79;953,14;953,79;944,86;8,93;;;962,66;961,70;962,66;913,66;49,00;;;961,06;950,36;961,06;927,06;34,00;;;956,51;955,68;956,51;940,96;15,55;;;960,59;959,52;960,59;931,59;29,00;;;939,55;938,68;939,55;914,85;24,70;;;945,00;943,77;945,00;906,00;39,00;;;941,65;940,85;941,65;926,10;15,55;;;;951,20;950,29;951,20;912,20;39,00;;;922,58;921,42;922,58;893,58;29,00
;;;;;;;;;;;;;;;;;;;;;;;;;;;;;;;;;;;;;;;;;;;;;;;;;;;951,61;950,36;951,61;920,98;30,63;;;956,88;955,88;956,88;949,77;7,11;;;974,37;973,19;974,37;962,81;11,56;;;973,90;972,88;973,90;965,60;8,30;;;953,79;953,14;953,79;944,86;8,93;;;962,66;961,70;962,66;913,66;49,00;;;961,06;950,36;961,06;927,06;34,00;;;956,51;955,68;956,51;940,96;15,55;;;960,59;959,52;960,59;931,59;29,00;;;939,55;938,68;939,55;914,85;24,70;;;945,00;943,77;945,00;906,00;39,00;;;941,65;940,85;941,65;926,10;15,55;;;;951,20;950,29;951,20;912,20;39,00;;;922,58;921,42;922,58;893,58;29,00
;;;;;;;;;;;;;;;;;;;;;;;;;;;;;;;;;;;;;;;;;;;;;;;;;;;951,61;950,36;951,61;920,98;30,63;;;956,88;955,88;956,88;949,77;7,11;;;974,37;973,19;974,37;962,81;11,56;;;973,90;972,88;973,90;965,60;8,30;;;953,79;953,14;953,79;944,86;8,93;;;962,66;961,70;962,66;913,66;49,00;;;961,06;950,36;961,06;927,06;34,00;;;956,51;955,68;956,51;940,96;15,55;;;960,59;959,52;960,59;931,59;29,00;;;939,55;938,68;939,55;914,85;24,70;;;945,00;943,77;945,00;906,00;39,00;;;941,65;940,85;941,65;926,10;15,55;;;;951,20;950,29;951,20;912,20;39,00;;;922,58;921,42;922,58;893,58;29,00
;;;;;;;;;;;;;;;;;;;;;;;;;;;;;;;;;;;;;;;;;;;;;;;;;;;951,61;950,36;951,61;920,98;30,63;;;956,88;955,88;956,88;949,77;7,11;;;974,37;973,19;974,37;962,81;11,56;;;973,90;972,88;973,90;965,60;8,30;;;953,79;953,14;953,79;944,86;8,93;;;962,66;961,70;962,66;913,66;49,00;;;961,06;950,36;961,06;927,06;34,00;;;956,51;955,68;956,51;940,96;15,55;;;960,59;959,52;960,59;931,59;29,00;;;939,55;938,68;939,55;914,85;24,70;;;945,00;943,77;945,00;906,00;39,00;;;941,65;940,85;941,65;926,10;15,55;;;;951,20;950,29;951,20;912,20;39,00;;;922,58;921,42;922,58;893,58;29,00
;;;;;;;;;;;;;;;;;;;;;;;;;;;;;;;;;;;;;;;;;;;;;;;;;;;951,61;950,36;951,61;920,98;30,63;;;956,88;955,88;956,88;949,77;7,11;;;974,37;973,19;974,37;962,81;11,56;;;973,90;972,88;973,90;965,60;8,30;;;953,79;953,14;953,79;944,86;8,93;;;962,66;961,70;962,66;913,66;49,00;;;961,06;950,36;961,06;927,06;34,00;;;956,51;955,68;956,51;940,96;15,55;;;960,59;959,52;960,59;931,59;29,00;;;939,55;938,68;939,55;914,85;24,70;;;945,00;943,77;945,00;906,00;39,00;;;941,65;940,85;941,65;926,10;15,55;;;;951,20;950,29;951,20;912,20;39,00;;;922,58;921,42;922,58;893,58;29,00
;;;;;;;;;;;;;;;;;;;;;;;;;;;;;;;;;;;;;;;;;;;;;;;;;;;951,61;950,36;951,61;920,98;30,63;;;956,88;955,88;956,88;949,77;7,11;;;974,37;973,19;974,37;962,81;11,56;;;973,90;972,88;973,90;965,60;8,30;;;953,79;953,14;953,79;944,86;8,93;;;962,66;961,70;962,66;913,66;49,00;;;961,06;950,36;961,06;927,06;34,00;;;956,51;955,68;956,51;940,96;15,55;;;960,59;959,52;960,59;931,59;29,00;;;939,55;938,68;939,55;914,85;24,70;;;945,00;943,77;945,00;906,00;39,00;;;941,65;940,85;941,65;926,10;15,55;;;;951,20;950,29;951,20;912,20;39,00;;;922,58;921,42;922,58;893,58;29,00
;;;;;;;;;;;;;;;;;;;;;;;;;;;;;;;;;;;;;;;;;;;;;;;;;;;951,61;950,36;951,61;920,98;30,63;;;956,88;955,88;956,88;949,77;7,11;;;974,37;973,19;974,37;962,81;11,56;;;973,90;972,88;973,90;965,60;8,30;;;953,79;953,14;953,79;944,86;8,93;;;962,66;961,70;962,66;913,66;49,00;;;961,06;950,36;961,06;927,06;34,00;;;956,51;955,68;956,51;940,96;15,55;;;960,59;959,52;960,59;931,59;29,00;;;939,55;938,68;939,55;914,85;24,70;;;945,00;943,77;945,00;906,00;39,00;;;941,65;940,85;941,65;926,10;15,55;;;;951,20;950,29;951,20;912,20;39,00;;;922,58;921,42;922,58;893,58;29,00
;;;;;;;;;;;;;;;;;;;;;;;;;;;;;;;;;;;;;;;;;;;;;;;;;;;951,61;950,36;951,61;920,98;30,63;;;956,88;955,88;956,88;949,77;7,11;;;974,37;973,19;974,37;962,81;11,56;;;973,90;972,88;973,90;965,60;8,30;;;953,79;953,14;953,79;944,86;8,93;;;962,66;961,70;962,66;913,66;49,00;;;961,06;950,36;961,06;927,06;34,00;;;956,51;955,68;956,51;940,96;15,55;;;960,59;959,52;960,59;931,59;29,00;;;939,55;938,68;939,55;914,85;24,70;;;945,00;943,77;945,00;906,00;39,00;;;941,65;940,85;941,65;926,10;15,55;;;;951,20;950,29;951,20;912,20;39,00;;;922,58;921,42;922,58;893,58;29,00
;;;;;;;;;;;;;;;;;;;;;;;;;;;;;;;;;;;;;;;;;;;;;;;;;;;951,61;950,36;951,61;920,98;30,63;;;956,88;955,88;956,88;949,77;7,11;;;974,37;973,19;974,37;962,81;11,56;;;973,90;972,88;973,90;965,60;8,30;;;953,79;953,14;953,79;944,86;8,93;;;962,66;961,70;962,66;913,66;49,00;;;961,06;950,36;961,06;927,06;34,00;;;956,51;955,68;956,51;940,96;15,55;;;960,59;959,52;960,59;931,59;29,00;;;939,55;938,68;939,55;914,85;24,70;;;945,00;943,77;945,00;906,00;39,00;;;941,65;940,85;941,65;926,10;15,55;;;;951,20;950,29;951,20;912,20;39,00;;;922,58;921,42;922,58;893,58;29,00
;;;;;;;;;;;;;;;;;;;;;;;;;;;;;;;;;;;;;;;;;;;;;;;;;;;951,61;950,36;951,61;920,98;30,63;;;956,88;955,88;956,88;949,77;7,11;;;974,37;973,19;974,37;962,81;11,56;;;973,90;972,88;973,90;965,60;8,30;;;953,79;953,14;953,79;944,86;8,93;;;962,66;961,70;962,66;913,66;49,00;;;961,06;950,36;961,06;927,06;34,00;;;956,51;955,68;956,51;940,96;15,55;;;960,59;959,52;960,59;931,59;29,00;;;939,55;938,68;939,55;914,85;24,70;;;945,00;943,77;945,00;906,00;39,00;;;941,65;940,85;941,65;926,10;15,55;;;;951,20;950,29;951,20;912,20;39,00;;;922,58;921,42;922,58;893,58;29,00
;;;;;;;;;;;;;;;;;;;;;;;;;;;;;;;;;;;;;;;;;;;;;;;;;;;951,61;950,36;951,61;920,98;30,63;;;956,88;955,88;956,88;949,77;7,11;;;974,37;973,19;974,37;962,81;11,56;;;973,90;972,88;973,90;965,60;8,30;;;953,79;953,14;953,79;944,86;8,93;;;962,66;961,70;962,66;913,66;49,00;;;961,06;950,36;961,06;927,06;34,00;;;956,51;955,68;956,51;940,96;15,55;;;960,59;959,52;960,59;931,59;29,00;;;939,55;938,68;939,55;914,85;24,70;;;945,00;943,77;945,00;906,00;39,00;;;941,65;940,85;941,65;926,10;15,55;;;;951,20;950,29;951,20;912,20;39,00;;;922,58;921,42;922,58;893,58;29,00
;;;;;;;;;;;;;;;;;;;;;;;;;;;;;;;;;;;;;;;;;;;;;;;;;;;951,61;950,36;951,61;920,98;30,63;;;956,88;955,88;956,88;949,77;7,11;;;974,37;973,19;974,37;962,81;11,56;;;973,90;972,88;973,90;965,60;8,30;;;953,79;953,14;953,79;944,86;8,93;;;962,66;961,70;962,66;913,66;49,00;;;961,06;950,36;961,06;927,06;34,00;;;956,51;955,68;956,51;940,96;15,55;;;960,59;959,52;960,59;931,59;29,00;;;939,55;938,68;939,55;914,85;24,70;;;945,00;943,77;945,00;906,00;39,00;;;941,65;940,85;941,65;926,10;15,55;;;;951,20;950,29;951,20;912,20;39,00;;;922,58;921,42;922,58;893,58;29,00
;;;;;;;;;;;;;;;;;;;;;;;;;;;;;;;;;;;;;;;;;;;;;;;;;;;951,61;950,36;951,61;920,98;30,63;;;956,88;955,88;956,88;949,77;7,11;;;974,37;973,19;974,37;962,81;11,56;;;973,90;972,88;973,90;965,60;8,30;;;953,79;953,14;953,79;944,86;8,93;;;962,66;961,70;962,66;913,66;49,00;;;961,06;950,36;961,06;927,06;34,00;;;956,51;955,68;956,51;940,96;15,55;;;960,59;959,52;960,59;931,59;29,00;;;939,55;938,68;939,55;914,85;24,70;;;945,00;943,77;945,00;906,00;39,00;;;941,65;940,85;941,65;926,10;15,55;;;;951,20;950,29;951,20;912,20;39,00;;;922,58;921,42;922,58;893,58;29,00
;;;;;;;;;;;;;;;;;;;;;;;;;;;;;;;;;;;;;;;;;;;;;;;;;;;951,61;950,36;951,61;920,98;30,63;;;956,88;955,88;956,88;949,77;7,11;;;974,37;973,19;974,37;962,81;11,56;;;973,90;972,88;973,90;965,60;8,30;;;953,79;953,14;953,79;944,86;8,93;;;962,66;961,70;962,66;913,66;49,00;;;961,06;950,36;961,06;927,06;34,00;;;956,51;955,68;956,51;940,96;15,55;;;960,59;959,52;960,59;931,59;29,00;;;939,55;938,68;939,55;914,85;24,70;;;945,00;943,77;945,00;906,00;39,00;;;941,65;940,85;941,65;926,10;15,55;;;;951,20;950,29;951,20;912,20;39,00;;;922,58;921,42;922,58;893,58;29,00
;;;;;;;;;;;;;;;;;;;;;;;;;;;;;;;;;;;;;;;;;;;;;;;;;;;951,61;950,36;951,61;920,98;30,63;;;956,88;955,88;956,88;949,77;7,11;;;974,37;973,19;974,37;962,81;11,56;;;973,90;972,88;973,90;965,60;8,30;;;953,79;953,14;953,79;944,86;8,93;;;962,66;961,70;962,66;913,66;49,00;;;961,06;950,36;961,06;927,06;34,00;;;956,51;955,68;956,51;940,96;15,55;;;960,59;959,52;960,59;931,59;29,00;;;939,55;938,68;939,55;914,85;24,70;;;945,00;943,77;945,00;906,00;39,00;;;941,65;940,85;941,65;926,10;15,55;;;;951,20;950,29;951,20;912,20;39,00;;;922,58;921,42;922,58;893,58;29,00
;;;;;;;;;;;;;;;;;;;;;;;;;;;;;;;;;;;;;;;;;;;;;;;;;;;951,61;950,36;951,61;920,98;30,63;;;956,88;955,88;956,88;949,77;7,11;;;974,37;973,19;974,37;962,81;11,56;;;973,90;972,88;973,90;965,60;8,30;;;953,79;953,14;953,79;944,86;8,93;;;962,66;961,70;962,66;913,66;49,00;;;961,06;950,36;961,06;927,06;34,00;;;956,51;955,68;956,51;940,96;15,55;;;960,59;959,52;960,59;931,59;29,00;;;939,55;938,68;939,55;914,85;24,70;;;945,00;943,77;945,00;906,00;39,00;;;941,65;940,85;941,65;926,10;15,55;;;;951,20;950,29;951,20;912,20;39,00;;;922,58;921,42;922,58;893,58;29,00
;;;;;;;;;;;;;;;;;;;;;;;;;;;;;;;;;;;;;;;;;;;;;;;;;;;951,61;950,36;951,61;920,98;30,63;;;956,88;955,88;956,88;949,77;7,11;;;974,37;973,19;974,37;962,81;11,56;;;973,90;972,88;973,90;965,60;8,30;;;953,79;953,14;953,79;944,86;8,93;;;962,66;961,70;962,66;913,66;49,00;;;961,06;950,36;961,06;927,06;34,00;;;956,51;955,68;956,51;940,96;15,55;;;960,59;959,52;960,59;931,59;29,00;;;939,55;938,68;939,55;914,85;24,70;;;945,00;943,77;945,00;906,00;39,00;;;941,65;940,85;941,65;926,10;15,55;;;;951,20;950,29;951,20;912,20;39,00;;;922,58;921,42;922,58;893,58;29,00
;;;;;;;;;;;;;;;;;;;;;;;;;;;;;;;;;;;;;;;;;;;;;;;;;;;;;;;;;;;;;;;;;;;;;;;;;;;;;;;;;;;;;;;;;;;;;;;;;;;;;;;;;;;;;;;;;;;;;;;;;;;;;;;;;;;;;;;;;;;;;;;;;;;
;;;;;;;;;;;;;;;;;;;;;;;;;;;;;;;;;;;;;;;;;;;;;;;;;;;;;;;;;;;;;;;;;;;;;;;;;;;;;;;;;;;;;;;;;;;;;;;;;;;;;;;;;;;;;;;;;;;;;;;;;;;;;;;;;;;;;;;;;;;;;;;;;;;
;;;;;;;;;;;;;;;;;;;;;;;;;;;;;;;;;;;;;;;;;;;;;;;;;;;;;;;;;;;;;;;;;;;;;;;;;;;;;;;;;;;;;;;;;;;;;;;;;;;;;;;;;;;;;;;;;;;;;;;;;;;;;;;;;;;;;;;;;;;;;;;;;;;
;;;;;;;;;;;;;;;;;;;;;;;;;;;;;;;;;;;;;;;;;;;;;;;;;;;;;;;;;;;;;;;;;;;;;;;;;;;;;;;;;;;;;;;;;;;;;;;;;;;;;;;;;;;;;;;;;;;;;;;;;;;;;;;;;;;;;;;;;;;;;;;;;;;
;;;;;;;;;;;;;;;;;;;;;;;;;;;;;;;;;;;;;;;;;;;;;;;;;;;;;;;;;;;;;;;;;;;;;;;;;;;;;;;;;;;;;;;;;;;;;;;;;;;;;;;;;;;;;;;;;;;;;;;;;;;;;;;;;;;;;;;;;;;;;;;;;;;
;;;;;;;;;;;;;;;;;;;;;;;;;;;;;;;;;;;;;;;;;;;;;;;;;;;;;;;;;;;;;;;;;;;;;;;;;;;;;;;;;;;;;;;;;;;;;;;;;;;;;;;;;;;;;;;;;;;;;;;;;;;;;;;;;;;;;;;;;;;;;;;;;;;
;;;;;;;;;;;;;;;;;;;;;;;;;;;;;;;;;;;;;;;;;;;;;;;;;;;;;;;;;;;;;;;;;;;;;;;;;;;;;;;;;;;;;;;;;;;;;;;;;;;;;;;;;;;;;;;;;;;;;;;;;;;;;;;;;;;;;;;;;;;;;;;;;;;
;;;;;;;;;;;;;;;;;;;;;;;;;;;;;;;;;;;;;;;;;;;;;;;;;;;;;;;;;;;;;;;;;;;;;;;;;;;;;;;;;;;;;;;;;;;;;;;;;;;;;;;;;;;;;;;;;;;;;;;;;;;;;;;;;;;;;;;;;;;;;;;;;;;
;;;;;;;;;;;;;;;;;;;;;;;;;;;;;;;;;;;;;;;;;;;;;;;;;;;;;;;;;;;;;;;;;;;;;;;;;;;;;;;;;;;;;;;;;;;;;;;;;;;;;;;;;;;;;;;;;;;;;;;;;;;;;;;;;;;;;;;;;;;;;;;;;;;
;;;;;;;;;;;;;;;;;;;;;;;;;;;;;;;;;;;;;;;;;;;;;;;;;;;;;;;;;;;;;;;;;;;;;;;;;;;;;;;;;;;;;;;;;;;;;;;;;;;;;;;;;;;;;;;;;;;;;;;;;;;;;;;;;;;;;;;;;;;;;;;;;;;
;;;;;;;;;;;;;;;;;;;;;;;;;;;;;;;;;;;;;;;;;;;;;;;;;;;;;;;;;;;;;;;;;;;;;;;;;;;;;;;;;;;;;;;;;;;;;;;;;;;;;;;;;;;;;;;;;;;;;;;;;;;;;;;;;;;;;;;;;;;;;;;;;;;
;;;;;;;;;;;;;;;;;;;;;;;;;;;;;;;;;;;;;;;;;;;;;;;;;;;;;;;;;;;;;;;;;;;;;;;;;;;;;;;;;;;;;;;;;;;;;;;;;;;;;;;;;;;;;;;;;;;;;;;;;;;;;;;;;;;;;;;;;;;;;;;;;;;
;;;;;;;;;;;;;;;;;;;;;;;;;;;;;;;;;;;;;;;;;;;;;;;;;;;;;;;;;;;;;;;;;;;;;;;;;;;;;;;;;;;;;;;;;;;;;;;;;;;;;;;;;;;;;;;;;;;;;;;;;;;;;;;;;;;;;;;;;;;;;;;;;;;
;;;;;;;;;;;;;;;;;;;;;;;;;;;;;;;;;;;;;;;;;;;;;;;;;;;;;;;;;;;;;;;;;;;;;;;;;;;;;;;;;;;;;;;;;;;;;;;;;;;;;;;;;;;;;;;;;;;;;;;;;;;;;;;;;;;;;;;;;;;;;;;;;;;
;;;;;;;;;;;;;;;;;;;;;;;;;;;;;;;;;;;;;;;;;;;;;;;;;;;;;;;;;;;;;;;;;;;;;;;;;;;;;;;;;;;;;;;;;;;;;;;;;;;;;;;;;;;;;;;;;;;;;;;;;;;;;;;;;;;;;;;;;;;;;;;;;;;
;;;;;;;;;;;;;;;;;;;;;;;;;;;;;;;;;;;;;;;;;;;;;;;;;;;;;;;;;;;;;;;;;;;;;;;;;;;;;;;;;;;;;;;;;;;;;;;;;;;;;;;;;;;;;;;;;;;;;;;;;;;;;;;;;;;;;;;;;;;;;;;;;;;
;;;;;;;;;;;;;;;;;;;;;;;;;;;;;;;;;;;;;;;;;;;;;;;;;;;;;;;;;;;;;;;;;;;;;;;;;;;;;;;;;;;;;;;;;;;;;;;;;;;;;;;;;;;;;;;;;;;;;;;;;;;;;;;;;;;;;;;;;;;;;;;;;;;
;;;;;;;;;;;;;;;;;;;;;;;;;;;;;;;;;;;;;;;;;;;;;;;;;;;;;;;;;;;;;;;;;;;;;;;;;;;;;;;;;;;;;;;;;;;;;;;;;;;;;;;;;;;;;;;;;;;;;;;;;;;;;;;;;;;;;;;;;;;;;;;;;;;
;;;;;;;;;;;;;;;;;;;;;;;;;;;;;;;;;;;;;;;;;;;;;;;;;;;;;;;;;;;;;;;;;;;;;;;;;;;;;;;;;;;;;;;;;;;;;;;;;;;;;;;;;;;;;;;;;;;;;;;;;;;;;;;;;;;;;;;;;;;;;;;;;;;
;;;;;;;;;;;;;;;;;;;;;;;;;;;;;;;;;;;;;;;;;;;;;;;;;;;;;;;;;;;;;;;;;;;;;;;;;;;;;;;;;;;;;;;;;;;;;;;;;;;;;;;;;;;;;;;;;;;;;;;;;;;;;;;;;;;;;;;;;;;;;;;;;;;
;;;;;;;;;;;;;;;;;;;;;;;;;;;;;;;;;;;;;;;;;;;;;;;;;;;;;;;;;;;;;;;;;;;;;;;;;;;;;;;;;;;;;;;;;;;;;;;;;;;;;;;;;;;;;;;;;;;;;;;;;;;;;;;;;;;;;;;;;;;;;;;;;;;
;;;;;;;;;;;;;;;;;;;;;;;;;;;;;;;;;;;;;;;;;;;;;;;;;;;;;;;;;;;;;;;;;;;;;;;;;;;;;;;;;;;;;;;;;;;;;;;;;;;;;;;;;;;;;;;;;;;;;;;;;;;;;;;;;;;;;;;;;;;;;;;;;;;
;;;;;;;;;;;;;;;;;;;;;;;;;;;;;;;;;;;;;;;;;;;;;;;;;;;;;;;;;;;;;;;;;;;;;;;;;;;;;;;;;;;;;;;;;;;;;;;;;;;;;;;;;;;;;;;;;;;;;;;;;;;;;;;;;;;;;;;;;;;;;;;;;;;
;;;;;;;;;;;;;;;;;;;;;;;;;;;;;;;;;;;;;;;;;;;;;;;;;;;;;;;;;;;;;;;;;;;;;;;;;;;;;;;;;;;;;;;;;;;;;;;;;;;;;;;;;;;;;;;;;;;;;;;;;;;;;;;;;;;;;;;;;;;;;;;;;;;
;;;;;;;;;;;;;;;;;;;;;;;;;;;;;;;;;;;;;;;;;;;;;;;;;;;;;;;;;;;;;;;;;;;;;;;;;;;;;;;;;;;;;;;;;;;;;;;;;;;;;;;;;;;;;;;;;;;;;;;;;;;;;;;;;;;;;;;;;;;;;;;;;;;
;;;;;;;;;;;;;;;;;;;;;;;;;;;;;;;;;;;;;;;;;;;;;;;;;;;;;;;;;;;;;;;;;;;;;;;;;;;;;;;;;;;;;;;;;;;;;;;;;;;;;;;;;;;;;;;;;;;;;;;;;;;;;;;;;;;;;;;;;;;;;;;;;;;
;;;;;;;;;;;;;;;;;;;;;;;;;;;;;;;;;;;;;;;;;;;;;;;;;;;;;;;;;;;;;;;;;;;;;;;;;;;;;;;;;;;;;;;;;;;;;;;;;;;;;;;;;;;;;;;;;;;;;;;;;;;;;;;;;;;;;;;;;;;;;;;;;;;
;;;;;;;;;;;;;;;;;;;;;;;;;;;;;;;;;;;;;;;;;;;;;;;;;;;;;;;;;;;;;;;;;;;;;;;;;;;;;;;;;;;;;;;;;;;;;;;;;;;;;;;;;;;;;;;;;;;;;;;;;;;;;;;;;;;;;;;;;;;;;;;;;;;
;;;;;;;;;;;;;;;;;;;;;;;;;;;;;;;;;;;;;;;;;;;;;;;;;;;;;;;;;;;;;;;;;;;;;;;;;;;;;;;;;;;;;;;;;;;;;;;;;;;;;;;;;;;;;;;;;;;;;;;;;;;;;;;;;;;;;;;;;;;;;;;;;;;
;;;;;;;;;;;;;;;;;;;;;;;;;;;;;;;;;;;;;;;;;;;;;;;;;;;;;;;;;;;;;;;;;;;;;;;;;;;;;;;;;;;;;;;;;;;;;;;;;;;;;;;;;;;;;;;;;;;;;;;;;;;;;;;;;;;;;;;;;;;;;;;;;;;
;;;;;;;;;;;;;;;;;;;;;;;;;;;;;;;;;;;;;;;;;;;;;;;;;;;;;;;;;;;;;;;;;;;;;;;;;;;;;;;;;;;;;;;;;;;;;;;;;;;;;;;;;;;;;;;;;;;;;;;;;;;;;;;;;;;;;;;;;;;;;;;;;;;
;;;;;;;;;;;;;;;;;;;;;;;;;;;;;;;;;;;;;;;;;;;;;;;;;;;;;;;;;;;;;;;;;;;;;;;;;;;;;;;;;;;;;;;;;;;;;;;;;;;;;;;;;;;;;;;;;;;;;;;;;;;;;;;;;;;;;;;;;;;;;;;;;;;
;;;;;;;;;;;;;;;;;;;;;;;;;;;;;;;;;;;;;;;;;;;;;;;;;;;;;;;;;;;;;;;;;;;;;;;;;;;;;;;;;;;;;;;;;;;;;;;;;;;;;;;;;;;;;;;;;;;;;;;;;;;;;;;;;;;;;;;;;;;;;;;;;;;
;;;;;;;;;;;;;;;;;;;;;;;;;;;;;;;;;;;;;;;;;;;;;;;;;;;;;;;;;;;;;;;;;;;;;;;;;;;;;;;;;;;;;;;;;;;;;;;;;;;;;;;;;;;;;;;;;;;;;;;;;;;;;;;;;;;;;;;;;;;;;;;;;;;
;;;;;;;;;;;;;;;;;;;;;;;;;;;;;;;;;;;;;;;;;;;;;;;;;;;;;;;;;;;;;;;;;;;;;;;;;;;;;;;;;;;;;;;;;;;;;;;;;;;;;;;;;;;;;;;;;;;;;;;;;;;;;;;;;;;;;;;;;;;;;;;;;;;
;;;;;;;;;;;;;;;;;;;;;;;;;;;;;;;;;;;;;;;;;;;;;;;;;;;;;;;;;;;;;;;;;;;;;;;;;;;;;;;;;;;;;;;;;;;;;;;;;;;;;;;;;;;;;;;;;;;;;;;;;;;;;;;;;;;;;;;;;;;;;;;;;;;
;;;;;;;;;;;;;;;;;;;;;;;;;;;;;;;;;;;;;;;;;;;;;;;;;;;;;;;;;;;;;;;;;;;;;;;;;;;;;;;;;;;;;;;;;;;;;;;;;;;;;;;;;;;;;;;;;;;;;;;;;;;;;;;;;;;;;;;;;;;;;;;;;;;
;;;;;;;;;;;;;;;;;;;;;;;;;;;;;;;;;;;;;;;;;;;;;;;;;;;;;;;;;;;;;;;;;;;;;;;;;;;;;;;;;;;;;;;;;;;;;;;;;;;;;;;;;;;;;;;;;;;;;;;;;;;;;;;;;;;;;;;;;;;;;;;;;;;
;;;;;;;;;;;;;;;;;;;;;;;;;;;;;;;;;;;;;;;;;;;;;;;;;;;;;;;;;;;;;;;;;;;;;;;;;;;;;;;;;;;;;;;;;;;;;;;;;;;;;;;;;;;;;;;;;;;;;;;;;;;;;;;;;;;;;;;;;;;;;;;;;;;
;;;;;;;;;;;;;;;;;;;;;;;;;;;;;;;;;;;;;;;;;;;;;;;;;;;;;;;;;;;;;;;;;;;;;;;;;;;;;;;;;;;;;;;;;;;;;;;;;;;;;;;;;;;;;;;;;;;;;;;;;;;;;;;;;;;;;;;;;;;;;;;;;;;
;;;;;;;;;;;;;;;;;;;;;;;;;;;;;;;;;;;;;;;;;;;;;;;;;;;;;;;;;;;;;;;;;;;;;;;;;;;;;;;;;;;;;;;;;;;;;;;;;;;;;;;;;;;;;;;;;;;;;;;;;;;;;;;;;;;;;;;;;;;;;;;;;;;
;;;;;;;;;;;;;;;;;;;;;;;;;;;;;;;;;;;;;;;;;;;;;;;;;;;;;;;;;;;;;;;;;;;;;;;;;;;;;;;;;;;;;;;;;;;;;;;;;;;;;;;;;;;;;;;;;;;;;;;;;;;;;;;;;;;;;;;;;;;;;;;;;;;
;;;;;;;;;;;;;;;;;;;;;;;;;;;;;;;;;;;;;;;;;;;;;;;;;;;;;;;;;;;;;;;;;;;;;;;;;;;;;;;;;;;;;;;;;;;;;;;;;;;;;;;;;;;;;;;;;;;;;;;;;;;;;;;;;;;;;;;;;;;;;;;;;;;
;;;;;;;;;;;;;;;;;;;;;;;;;;;;;;;;;;;;;;;;;;;;;;;;;;;;;;;;;;;;;;;;;;;;;;;;;;;;;;;;;;;;;;;;;;;;;;;;;;;;;;;;;;;;;;;;;;;;;;;;;;;;;;;;;;;;;;;;;;;;;;;;;;;
;;;;;;;;;;;;;;;;;;;;;;;;;;;;;;;;;;;;;;;;;;;;;;;;;;;;;;;;;;;;;;;;;;;;;;;;;;;;;;;;;;;;;;;;;;;;;;;;;;;;;;;;;;;;;;;;;;;;;;;;;;;;;;;;;;;;;;;;;;;;;;;;;;;
;;;;;;;;;;;;;;;;;;;;;;;;;;;;;;;;;;;;;;;;;;;;;;;;;;;;;;;;;;;;;;;;;;;;;;;;;;;;;;;;;;;;;;;;;;;;;;;;;;;;;;;;;;;;;;;;;;;;;;;;;;;;;;;;;;;;;;;;;;;;;;;;;;;
;;;;;;;;;;;;;;;;;;;;;;;;;;;;;;;;;;;;;;;;;;;;;;;;;;;;;;;;;;;;;;;;;;;;;;;;;;;;;;;;;;;;;;;;;;;;;;;;;;;;;;;;;;;;;;;;;;;;;;;;;;;;;;;;;;;;;;;;;;;;;;;;;;;
;;;;;;;;;;;;;;;;;;;;;;;;;;;;;;;;;;;;;;;;;;;;;;;;;;;;;;;;;;;;;;;;;;;;;;;;;;;;;;;;;;;;;;;;;;;;;;;;;;;;;;;;;;;;;;;;;;;;;;;;;;;;;;;;;;;;;;;;;;;;;;;;;;;
;;;;;;;;;;;;;;;;;;;;;;;;;;;;;;;;;;;;;;;;;;;;;;;;;;;;;;;;;;;;;;;;;;;;;;;;;;;;;;;;;;;;;;;;;;;;;;;;;;;;;;;;;;;;;;;;;;;;;;;;;;;;;;;;;;;;;;;;;;;;;;;;;;;
;;;;;;;;;;;;;;;;;;;;;;;;;;;;;;;;;;;;;;;;;;;;;;;;;;;;;;;;;;;;;;;;;;;;;;;;;;;;;;;;;;;;;;;;;;;;;;;;;;;;;;;;;;;;;;;;;;;;;;;;;;;;;;;;;;;;;;;;;;;;;;;;;;;
;;;;;;;;;;;;;;;;;;;;;;;;;;;;;;;;;;;;;;;;;;;;;;;;;;;;;;;;;;;;;;;;;;;;;;;;;;;;;;;;;;;;;;;;;;;;;;;;;;;;;;;;;;;;;;;;;;;;;;;;;;;;;;;;;;;;;;;;;;;;;;;;;;;
;;;;;;;;;;;;;;;;;;;;;;;;;;;;;;;;;;;;;;;;;;;;;;;;;;;;;;;;;;;;;;;;;;;;;;;;;;;;;;;;;;;;;;;;;;;;;;;;;;;;;;;;;;;;;;;;;;;;;;;;;;;;;;;;;;;;;;;;;;;;;;;;;;;
;;;;;;;;;;;;;;;;;;;;;;;;;;;;;;;;;;;;;;;;;;;;;;;;;;;;;;;;;;;;;;;;;;;;;;;;;;;;;;;;;;;;;;;;;;;;;;;;;;;;;;;;;;;;;;;;;;;;;;;;;;;;;;;;;;;;;;;;;;;;;;;;;;;
;;;;;;;;;;;;;;;;;;;;;;;;;;;;;;;;;;;;;;;;;;;;;;;;;;;;;;;;;;;;;;;;;;;;;;;;;;;;;;;;;;;;;;;;;;;;;;;;;;;;;;;;;;;;;;;;;;;;;;;;;;;;;;;;;;;;;;;;;;;;;;;;;;;
;;;;;;;;;;;;;;;;;;;;;;;;;;;;;;;;;;;;;;;;;;;;;;;;;;;;;;;;;;;;;;;;;;;;;;;;;;;;;;;;;;;;;;;;;;;;;;;;;;;;;;;;;;;;;;;;;;;;;;;;;;;;;;;;;;;;;;;;;;;;;;;;;;;
;;;;;;;;;;;;;;;;;;;;;;;;;;;;;;;;;;;;;;;;;;;;;;;;;;;;;;;;;;;;;;;;;;;;;;;;;;;;;;;;;;;;;;;;;;;;;;;;;;;;;;;;;;;;;;;;;;;;;;;;;;;;;;;;;;;;;;;;;;;;;;;;;;;
;;;;;;;;;;;;;;;;;;;;;;;;;;;;;;;;;;;;;;;;;;;;;;;;;;;;;;;;;;;;;;;;;;;;;;;;;;;;;;;;;;;;;;;;;;;;;;;;;;;;;;;;;;;;;;;;;;;;;;;;;;;;;;;;;;;;;;;;;;;;;;;;;;;
;;;;;;;;;;;;;;;;;;;;;;;;;;;;;;;;;;;;;;;;;;;;;;;;;;;;;;;;;;;;;;;;;;;;;;;;;;;;;;;;;;;;;;;;;;;;;;;;;;;;;;;;;;;;;;;;;;;;;;;;;;;;;;;;;;;;;;;;;;;;;;;;;;;
;;;;;;;;;;;;;;;;;;;;;;;;;;;;;;;;;;;;;;;;;;;;;;;;;;;;;;;;;;;;;;;;;;;;;;;;;;;;;;;;;;;;;;;;;;;;;;;;;;;;;;;;;;;;;;;;;;;;;;;;;;;;;;;;;;;;;;;;;;;;;;;;;;;
;;;;;;;;;;;;;;;;;;;;;;;;;;;;;;;;;;;;;;;;;;;;;;;;;;;;;;;;;;;;;;;;;;;;;;;;;;;;;;;;;;;;;;;;;;;;;;;;;;;;;;;;;;;;;;;;;;;;;;;;;;;;;;;;;;;;;;;;;;;;;;;;;;;
;;;;;;;;;;;;;;;;;;;;;;;;;;;;;;;;;;;;;;;;;;;;;;;;;;;;;;;;;;;;;;;;;;;;;;;;;;;;;;;;;;;;;;;;;;;;;;;;;;;;;;;;;;;;;;;;;;;;;;;;;;;;;;;;;;;;;;;;;;;;;;;;;;;
;;;;;;;;;;;;;;;;;;;;;;;;;;;;;;;;;;;;;;;;;;;;;;;;;;;;;;;;;;;;;;;;;;;;;;;;;;;;;;;;;;;;;;;;;;;;;;;;;;;;;;;;;;;;;;;;;;;;;;;;;;;;;;;;;;;;;;;;;;;;;;;;;;;
;;;;;;;;;;;;;;;;;;;;;;;;;;;;;;;;;;;;;;;;;;;;;;;;;;;;;;;;;;;;;;;;;;;;;;;;;;;;;;;;;;;;;;;;;;;;;;;;;;;;;;;;;;;;;;;;;;;;;;;;;;;;;;;;;;;;;;;;;;;;;;;;;;;
;;;;;;;;;;;;;;;;;;;;;;;;;;;;;;;;;;;;;;;;;;;;;;;;;;;;;;;;;;;;;;;;;;;;;;;;;;;;;;;;;;;;;;;;;;;;;;;;;;;;;;;;;;;;;;;;;;;;;;;;;;;;;;;;;;;;;;;;;;;;;;;;;;;
;;;;;;;;;;;;;;;;;;;;;;;;;;;;;;;;;;;;;;;;;;;;;;;;;;;;;;;;;;;;;;;;;;;;;;;;;;;;;;;;;;;;;;;;;;;;;;;;;;;;;;;;;;;;;;;;;;;;;;;;;;;;;;;;;;;;;;;;;;;;;;;;;;;
;;;;;;;;;;;;;;;;;;;;;;;;;;;;;;;;;;;;;;;;;;;;;;;;;;;;;;;;;;;;;;;;;;;;;;;;;;;;;;;;;;;;;;;;;;;;;;;;;;;;;;;;;;;;;;;;;;;;;;;;;;;;;;;;;;;;;;;;;;;;;;;;;;;
;;;;;;;;;;;;;;;;;;;;;;;;;;;;;;;;;;;;;;;;;;;;;;;;;;;;;;;;;;;;;;;;;;;;;;;;;;;;;;;;;;;;;;;;;;;;;;;;;;;;;;;;;;;;;;;;;;;;;;;;;;;;;;;;;;;;;;;;;;;;;;;;;;;
;;;;;;;;;;;;;;;;;;;;;;;;;;;;;;;;;;;;;;;;;;;;;;;;;;;;;;;;;;;;;;;;;;;;;;;;;;;;;;;;;;;;;;;;;;;;;;;;;;;;;;;;;;;;;;;;;;;;;;;;;;;;;;;;;;;;;;;;;;;;;;;;;;;
;;;;;;;;;;;;;;;;;;;;;;;;;;;;;;;;;;;;;;;;;;;;;;;;;;;;;;;;;;;;;;;;;;;;;;;;;;;;;;;;;;;;;;;;;;;;;;;;;;;;;;;;;;;;;;;;;;;;;;;;;;;;;;;;;;;;;;;;;;;;;;;;;;;
;;;;;;;;;;;;;;;;;;;;;;;;;;;;;;;;;;;;;;;;;;;;;;;;;;;;;;;;;;;;;;;;;;;;;;;;;;;;;;;;;;;;;;;;;;;;;;;;;;;;;;;;;;;;;;;;;;;;;;;;;;;;;;;;;;;;;;;;;;;;;;;;;;;
;;;;;;;;;;;;;;;;;;;;;;;;;;;;;;;;;;;;;;;;;;;;;;;;;;;;;;;;;;;;;;;;;;;;;;;;;;;;;;;;;;;;;;;;;;;;;;;;;;;;;;;;;;;;;;;;;;;;;;;;;;;;;;;;;;;;;;;;;;;;;;;;;;;
;;;;;;;;;;;;;;;;;;;;;;;;;;;;;;;;;;;;;;;;;;;;;;;;;;;;;;;;;;;;;;;;;;;;;;;;;;;;;;;;;;;;;;;;;;;;;;;;;;;;;;;;;;;;;;;;;;;;;;;;;;;;;;;;;;;;;;;;;;;;;;;;;;;
;;;;;;;;;;;;;;;;;;;;;;;;;;;;;;;;;;;;;;;;;;;;;;;;;;;;;;;;;;;;;;;;;;;;;;;;;;;;;;;;;;;;;;;;;;;;;;;;;;;;;;;;;;;;;;;;;;;;;;;;;;;;;;;;;;;;;;;;;;;;;;;;;;;
;;;;;;;;;;;;;;;;;;;;;;;;;;;;;;;;;;;;;;;;;;;;;;;;;;;;;;;;;;;;;;;;;;;;;;;;;;;;;;;;;;;;;;;;;;;;;;;;;;;;;;;;;;;;;;;;;;;;;;;;;;;;;;;;;;;;;;;;;;;;;;;;;;;
;;;;;;;;;;;;;;;;;;;;;;;;;;;;;;;;;;;;;;;;;;;;;;;;;;;;;;;;;;;;;;;;;;;;;;;;;;;;;;;;;;;;;;;;;;;;;;;;;;;;;;;;;;;;;;;;;;;;;;;;;;;;;;;;;;;;;;;;;;;;;;;;;;;
;;;;;;;;;;;;;;;;;;;;;;;;;;;;;;;;;;;;;;;;;;;;;;;;;;;;;;;;;;;;;;;;;;;;;;;;;;;;;;;;;;;;;;;;;;;;;;;;;;;;;;;;;;;;;;;;;;;;;;;;;;;;;;;;;;;;;;;;;;;;;;;;;;;
;;;;;;;;;;;;;;;;;;;;;;;;;;;;;;;;;;;;;;;;;;;;;;;;;;;;;;;;;;;;;;;;;;;;;;;;;;;;;;;;;;;;;;;;;;;;;;;;;;;;;;;;;;;;;;;;;;;;;;;;;;;;;;;;;;;;;;;;;;;;;;;;;;;
;;;;;;;;;;;;;;;;;;;;;;;;;;;;;;;;;;;;;;;;;;;;;;;;;;;;;;;;;;;;;;;;;;;;;;;;;;;;;;;;;;;;;;;;;;;;;;;;;;;;;;;;;;;;;;;;;;;;;;;;;;;;;;;;;;;;;;;;;;;;;;;;;;;
;;;;;;;;;;;;;;;;;;;;;;;;;;;;;;;;;;;;;;;;;;;;;;;;;;;;;;;;;;;;;;;;;;;;;;;;;;;;;;;;;;;;;;;;;;;;;;;;;;;;;;;;;;;;;;;;;;;;;;;;;;;;;;;;;;;;;;;;;;;;;;;;;;;
;;;;;;;;;;;;;;;;;;;;;;;;;;;;;;;;;;;;;;;;;;;;;;;;;;;;;;;;;;;;;;;;;;;;;;;;;;;;;;;;;;;;;;;;;;;;;;;;;;;;;;;;;;;;;;;;;;;;;;;;;;;;;;;;;;;;;;;;;;;;;;;;;;;
;;;;;;;;;;;;;;;;;;;;;;;;;;;;;;;;;;;;;;;;;;;;;;;;;;;;;;;;;;;;;;;;;;;;;;;;;;;;;;;;;;;;;;;;;;;;;;;;;;;;;;;;;;;;;;;;;;;;;;;;;;;;;;;;;;;;;;;;;;;;;;;;;;;
;;;;;;;;;;;;;;;;;;;;;;;;;;;;;;;;;;;;;;;;;;;;;;;;;;;;;;;;;;;;;;;;;;;;;;;;;;;;;;;;;;;;;;;;;;;;;;;;;;;;;;;;;;;;;;;;;;;;;;;;;;;;;;;;;;;;;;;;;;;;;;;;;;;
;;;;;;;;;;;;;;;;;;;;;;;;;;;;;;;;;;;;;;;;;;;;;;;;;;;;;;;;;;;;;;;;;;;;;;;;;;;;;;;;;;;;;;;;;;;;;;;;;;;;;;;;;;;;;;;;;;;;;;;;;;;;;;;;;;;;;;;;;;;;;;;;;;;
;;;;;;;;;;;;;;;;;;;;;;;;;;;;;;;;;;;;;;;;;;;;;;;;;;;;;;;;;;;;;;;;;;;;;;;;;;;;;;;;;;;;;;;;;;;;;;;;;;;;;;;;;;;;;;;;;;;;;;;;;;;;;;;;;;;;;;;;;;;;;;;;;;;
;;;;;;;;;;;;;;;;;;;;;;;;;;;;;;;;;;;;;;;;;;;;;;;;;;;;;;;;;;;;;;;;;;;;;;;;;;;;;;;;;;;;;;;;;;;;;;;;;;;;;;;;;;;;;;;;;;;;;;;;;;;;;;;;;;;;;;;;;;;;;;;;;;;
;;;;;;;;;;;;;;;;;;;;;;;;;;;;;;;;;;;;;;;;;;;;;;;;;;;;;;;;;;;;;;;;;;;;;;;;;;;;;;;;;;;;;;;;;;;;;;;;;;;;;;;;;;;;;;;;;;;;;;;;;;;;;;;;;;;;;;;;;;;;;;;;;;;
;;;;;;;;;;;;;;;;;;;;;;;;;;;;;;;;;;;;;;;;;;;;;;;;;;;;;;;;;;;;;;;;;;;;;;;;;;;;;;;;;;;;;;;;;;;;;;;;;;;;;;;;;;;;;;;;;;;;;;;;;;;;;;;;;;;;;;;;;;;;;;;;;;;
;;;;;;;;;;;;;;;;;;;;;;;;;;;;;;;;;;;;;;;;;;;;;;;;;;;;;;;;;;;;;;;;;;;;;;;;;;;;;;;;;;;;;;;;;;;;;;;;;;;;;;;;;;;;;;;;;;;;;;;;;;;;;;;;;;;;;;;;;;;;;;;;;;;
;;;;;;;;;;;;;;;;;;;;;;;;;;;;;;;;;;;;;;;;;;;;;;;;;;;;;;;;;;;;;;;;;;;;;;;;;;;;;;;;;;;;;;;;;;;;;;;;;;;;;;;;;;;;;;;;;;;;;;;;;;;;;;;;;;;;;;;;;;;;;;;;;;;
;;;;;;;;;;;;;;;;;;;;;;;;;;;;;;;;;;;;;;;;;;;;;;;;;;;;;;;;;;;;;;;;;;;;;;;;;;;;;;;;;;;;;;;;;;;;;;;;;;;;;;;;;;;;;;;;;;;;;;;;;;;;;;;;;;;;;;;;;;;;;;;;;;;
;;;;;;;;;;;;;;;;;;;;;;;;;;;;;;;;;;;;;;;;;;;;;;;;;;;;;;;;;;;;;;;;;;;;;;;;;;;;;;;;;;;;;;;;;;;;;;;;;;;;;;;;;;;;;;;;;;;;;;;;;;;;;;;;;;;;;;;;;;;;;;;;;;;
;;;;;;;;;;;;;;;;;;;;;;;;;;;;;;;;;;;;;;;;;;;;;;;;;;;;;;;;;;;;;;;;;;;;;;;;;;;;;;;;;;;;;;;;;;;;;;;;;;;;;;;;;;;;;;;;;;;;;;;;;;;;;;;;;;;;;;;;;;;;;;;;;;;
;;;;;;;;;;;;;;;;;;;;;;;;;;;;;;;;;;;;;;;;;;;;;;;;;;;;;;;;;;;;;;;;;;;;;;;;;;;;;;;;;;;;;;;;;;;;;;;;;;;;;;;;;;;;;;;;;;;;;;;;;;;;;;;;;;;;;;;;;;;;;;;;;;;
;;;;;;;;;;;;;;;;;;;;;;;;;;;;;;;;;;;;;;;;;;;;;;;;;;;;;;;;;;;;;;;;;;;;;;;;;;;;;;;;;;;;;;;;;;;;;;;;;;;;;;;;;;;;;;;;;;;;;;;;;;;;;;;;;;;;;;;;;;;;;;;;;;;
;;;;;;;;;;;;;;;;;;;;;;;;;;;;;;;;;;;;;;;;;;;;;;;;;;;;;;;;;;;;;;;;;;;;;;;;;;;;;;;;;;;;;;;;;;;;;;;;;;;;;;;;;;;;;;;;;;;;;;;;;;;;;;;;;;;;;;;;;;;;;;;;;;;
;;;;;;;;;;;;;;;;;;;;;;;;;;;;;;;;;;;;;;;;;;;;;;;;;;;;;;;;;;;;;;;;;;;;;;;;;;;;;;;;;;;;;;;;;;;;;;;;;;;;;;;;;;;;;;;;;;;;;;;;;;;;;;;;;;;;;;;;;;;;;;;;;;;
;;;;;;;;;;;;;;;;;;;;;;;;;;;;;;;;;;;;;;;;;;;;;;;;;;;;;;;;;;;;;;;;;;;;;;;;;;;;;;;;;;;;;;;;;;;;;;;;;;;;;;;;;;;;;;;;;;;;;;;;;;;;;;;;;;;;;;;;;;;;;;;;;;;
;;;;;;;;;;;;;;;;;;;;;;;;;;;;;;;;;;;;;;;;;;;;;;;;;;;;;;;;;;;;;;;;;;;;;;;;;;;;;;;;;;;;;;;;;;;;;;;;;;;;;;;;;;;;;;;;;;;;;;;;;;;;;;;;;;;;;;;;;;;;;;;;;;;
;;;;;;;;;;;;;;;;;;;;;;;;;;;;;;;;;;;;;;;;;;;;;;;;;;;;;;;;;;;;;;;;;;;;;;;;;;;;;;;;;;;;;;;;;;;;;;;;;;;;;;;;;;;;;;;;;;;;;;;;;;;;;;;;;;;;;;;;;;;;;;;;;;;
;;;;;;;;;;;;;;;;;;;;;;;;;;;;;;;;;;;;;;;;;;;;;;;;;;;;;;;;;;;;;;;;;;;;;;;;;;;;;;;;;;;;;;;;;;;;;;;;;;;;;;;;;;;;;;;;;;;;;;;;;;;;;;;;;;;;;;;;;;;;;;;;;;;
;;;;;;;;;;;;;;;;;;;;;;;;;;;;;;;;;;;;;;;;;;;;;;;;;;;;;;;;;;;;;;;;;;;;;;;;;;;;;;;;;;;;;;;;;;;;;;;;;;;;;;;;;;;;;;;;;;;;;;;;;;;;;;;;;;;;;;;;;;;;;;;;;;;
;;;;;;;;;;;;;;;;;;;;;;;;;;;;;;;;;;;;;;;;;;;;;;;;;;;;;;;;;;;;;;;;;;;;;;;;;;;;;;;;;;;;;;;;;;;;;;;;;;;;;;;;;;;;;;;;;;;;;;;;;;;;;;;;;;;;;;;;;;;;;;;;;;;
;;;;;;;;;;;;;;;;;;;;;;;;;;;;;;;;;;;;;;;;;;;;;;;;;;;;;;;;;;;;;;;;;;;;;;;;;;;;;;;;;;;;;;;;;;;;;;;;;;;;;;;;;;;;;;;;;;;;;;;;;;;;;;;;;;;;;;;;;;;;;;;;;;;
;;;;;;;;;;;;;;;;;;;;;;;;;;;;;;;;;;;;;;;;;;;;;;;;;;;;;;;;;;;;;;;;;;;;;;;;;;;;;;;;;;;;;;;;;;;;;;;;;;;;;;;;;;;;;;;;;;;;;;;;;;;;;;;;;;;;;;;;;;;;;;;;;;;
;;;;;;;;;;;;;;;;;;;;;;;;;;;;;;;;;;;;;;;;;;;;;;;;;;;;;;;;;;;;;;;;;;;;;;;;;;;;;;;;;;;;;;;;;;;;;;;;;;;;;;;;;;;;;;;;;;;;;;;;;;;;;;;;;;;;;;;;;;;;;;;;;;;
;;;;;;;;;;;;;;;;;;;;;;;;;;;;;;;;;;;;;;;;;;;;;;;;;;;;;;;;;;;;;;;;;;;;;;;;;;;;;;;;;;;;;;;;;;;;;;;;;;;;;;;;;;;;;;;;;;;;;;;;;;;;;;;;;;;;;;;;;;;;;;;;;;;
;;;;;;;;;;;;;;;;;;;;;;;;;;;;;;;;;;;;;;;;;;;;;;;;;;;;;;;;;;;;;;;;;;;;;;;;;;;;;;;;;;;;;;;;;;;;;;;;;;;;;;;;;;;;;;;;;;;;;;;;;;;;;;;;;;;;;;;;;;;;;;;;;;;
;;;;;;;;;;;;;;;;;;;;;;;;;;;;;;;;;;;;;;;;;;;;;;;;;;;;;;;;;;;;;;;;;;;;;;;;;;;;;;;;;;;;;;;;;;;;;;;;;;;;;;;;;;;;;;;;;;;;;;;;;;;;;;;;;;;;;;;;;;;;;;;;;;;
;;;;;;;;;;;;;;;;;;;;;;;;;;;;;;;;;;;;;;;;;;;;;;;;;;;;;;;;;;;;;;;;;;;;;;;;;;;;;;;;;;;;;;;;;;;;;;;;;;;;;;;;;;;;;;;;;;;;;;;;;;;;;;;;;;;;;;;;;;;;;;;;;;;
;;;;;;;;;;;;;;;;;;;;;;;;;;;;;;;;;;;;;;;;;;;;;;;;;;;;;;;;;;;;;;;;;;;;;;;;;;;;;;;;;;;;;;;;;;;;;;;;;;;;;;;;;;;;;;;;;;;;;;;;;;;;;;;;;;;;;;;;;;;;;;;;;;;
;;;;;;;;;;;;;;;;;;;;;;;;;;;;;;;;;;;;;;;;;;;;;;;;;;;;;;;;;;;;;;;;;;;;;;;;;;;;;;;;;;;;;;;;;;;;;;;;;;;;;;;;;;;;;;;;;;;;;;;;;;;;;;;;;;;;;;;;;;;;;;;;;;;
;;;;;;;;;;;;;;;;;;;;;;;;;;;;;;;;;;;;;;;;;;;;;;;;;;;;;;;;;;;;;;;;;;;;;;;;;;;;;;;;;;;;;;;;;;;;;;;;;;;;;;;;;;;;;;;;;;;;;;;;;;;;;;;;;;;;;;;;;;;;;;;;;;;
;;;;;;;;;;;;;;;;;;;;;;;;;;;;;;;;;;;;;;;;;;;;;;;;;;;;;;;;;;;;;;;;;;;;;;;;;;;;;;;;;;;;;;;;;;;;;;;;;;;;;;;;;;;;;;;;;;;;;;;;;;;;;;;;;;;;;;;;;;;;;;;;;;;
;;;;;;;;;;;;;;;;;;;;;;;;;;;;;;;;;;;;;;;;;;;;;;;;;;;;;;;;;;;;;;;;;;;;;;;;;;;;;;;;;;;;;;;;;;;;;;;;;;;;;;;;;;;;;;;;;;;;;;;;;;;;;;;;;;;;;;;;;;;;;;;;;;;
;;;;;;;;;;;;;;;;;;;;;;;;;;;;;;;;;;;;;;;;;;;;;;;;;;;;;;;;;;;;;;;;;;;;;;;;;;;;;;;;;;;;;;;;;;;;;;;;;;;;;;;;;;;;;;;;;;;;;;;;;;;;;;;;;;;;;;;;;;;;;;;;;;;
;;;;;;;;;;;;;;;;;;;;;;;;;;;;;;;;;;;;;;;;;;;;;;;;;;;;;;;;;;;;;;;;;;;;;;;;;;;;;;;;;;;;;;;;;;;;;;;;;;;;;;;;;;;;;;;;;;;;;;;;;;;;;;;;;;;;;;;;;;;;;;;;;;;
;;;;;;;;;;;;;;;;;;;;;;;;;;;;;;;;;;;;;;;;;;;;;;;;;;;;;;;;;;;;;;;;;;;;;;;;;;;;;;;;;;;;;;;;;;;;;;;;;;;;;;;;;;;;;;;;;;;;;;;;;;;;;;;;;;;;;;;;;;;;;;;;;;;
;;;;;;;;;;;;;;;;;;;;;;;;;;;;;;;;;;;;;;;;;;;;;;;;;;;;;;;;;;;;;;;;;;;;;;;;;;;;;;;;;;;;;;;;;;;;;;;;;;;;;;;;;;;;;;;;;;;;;;;;;;;;;;;;;;;;;;;;;;;;;;;;;;;
;;;;;;;;;;;;;;;;;;;;;;;;;;;;;;;;;;;;;;;;;;;;;;;;;;;;;;;;;;;;;;;;;;;;;;;;;;;;;;;;;;;;;;;;;;;;;;;;;;;;;;;;;;;;;;;;;;;;;;;;;;;;;;;;;;;;;;;;;;;;;;;;;;;
;;;;;;;;;;;;;;;;;;;;;;;;;;;;;;;;;;;;;;;;;;;;;;;;;;;;;;;;;;;;;;;;;;;;;;;;;;;;;;;;;;;;;;;;;;;;;;;;;;;;;;;;;;;;;;;;;;;;;;;;;;;;;;;;;;;;;;;;;;;;;;;;;;;
;;;;;;;;;;;;;;;;;;;;;;;;;;;;;;;;;;;;;;;;;;;;;;;;;;;;;;;;;;;;;;;;;;;;;;;;;;;;;;;;;;;;;;;;;;;;;;;;;;;;;;;;;;;;;;;;;;;;;;;;;;;;;;;;;;;;;;;;;;;;;;;;;;;
;;;;;;;;;;;;;;;;;;;;;;;;;;;;;;;;;;;;;;;;;;;;;;;;;;;;;;;;;;;;;;;;;;;;;;;;;;;;;;;;;;;;;;;;;;;;;;;;;;;;;;;;;;;;;;;;;;;;;;;;;;;;;;;;;;;;;;;;;;;;;;;;;;;
;;;;;;;;;;;;;;;;;;;;;;;;;;;;;;;;;;;;;;;;;;;;;;;;;;;;;;;;;;;;;;;;;;;;;;;;;;;;;;;;;;;;;;;;;;;;;;;;;;;;;;;;;;;;;;;;;;;;;;;;;;;;;;;;;;;;;;;;;;;;;;;;;;;
;;;;;;;;;;;;;;;;;;;;;;;;;;;;;;;;;;;;;;;;;;;;;;;;;;;;;;;;;;;;;;;;;;;;;;;;;;;;;;;;;;;;;;;;;;;;;;;;;;;;;;;;;;;;;;;;;;;;;;;;;;;;;;;;;;;;;;;;;;;;;;;;;;;
;;;;;;;;;;;;;;;;;;;;;;;;;;;;;;;;;;;;;;;;;;;;;;;;;;;;;;;;;;;;;;;;;;;;;;;;;;;;;;;;;;;;;;;;;;;;;;;;;;;;;;;;;;;;;;;;;;;;;;;;;;;;;;;;;;;;;;;;;;;;;;;;;;;
;;;;;;;;;;;;;;;;;;;;;;;;;;;;;;;;;;;;;;;;;;;;;;;;;;;;;;;;;;;;;;;;;;;;;;;;;;;;;;;;;;;;;;;;;;;;;;;;;;;;;;;;;;;;;;;;;;;;;;;;;;;;;;;;;;;;;;;;;;;;;;;;;;;
;;;;;;;;;;;;;;;;;;;;;;;;;;;;;;;;;;;;;;;;;;;;;;;;;;;;;;;;;;;;;;;;;;;;;;;;;;;;;;;;;;;;;;;;;;;;;;;;;;;;;;;;;;;;;;;;;;;;;;;;;;;;;;;;;;;;;;;;;;;;;;;;;;;
;;;;;;;;;;;;;;;;;;;;;;;;;;;;;;;;;;;;;;;;;;;;;;;;;;;;;;;;;;;;;;;;;;;;;;;;;;;;;;;;;;;;;;;;;;;;;;;;;;;;;;;;;;;;;;;;;;;;;;;;;;;;;;;;;;;;;;;;;;;;;;;;;;;
;;;;;;;;;;;;;;;;;;;;;;;;;;;;;;;;;;;;;;;;;;;;;;;;;;;;;;;;;;;;;;;;;;;;;;;;;;;;;;;;;;;;;;;;;;;;;;;;;;;;;;;;;;;;;;;;;;;;;;;;;;;;;;;;;;;;;;;;;;;;;;;;;;;
;;;;;;;;;;;;;;;;;;;;;;;;;;;;;;;;;;;;;;;;;;;;;;;;;;;;;;;;;;;;;;;;;;;;;;;;;;;;;;;;;;;;;;;;;;;;;;;;;;;;;;;;;;;;;;;;;;;;;;;;;;;;;;;;;;;;;;;;;;;;;;;;;;;
;;;;;;;;;;;;;;;;;;;;;;;;;;;;;;;;;;;;;;;;;;;;;;;;;;;;;;;;;;;;;;;;;;;;;;;;;;;;;;;;;;;;;;;;;;;;;;;;;;;;;;;;;;;;;;;;;;;;;;;;;;;;;;;;;;;;;;;;;;;;;;;;;;;
;;;;;;;;;;;;;;;;;;;;;;;;;;;;;;;;;;;;;;;;;;;;;;;;;;;;;;;;;;;;;;;;;;;;;;;;;;;;;;;;;;;;;;;;;;;;;;;;;;;;;;;;;;;;;;;;;;;;;;;;;;;;;;;;;;;;;;;;;;;;;;;;;;;
;;;;;;;;;;;;;;;;;;;;;;;;;;;;;;;;;;;;;;;;;;;;;;;;;;;;;;;;;;;;;;;;;;;;;;;;;;;;;;;;;;;;;;;;;;;;;;;;;;;;;;;;;;;;;;;;;;;;;;;;;;;;;;;;;;;;;;;;;;;;;;;;;;;
;;;;;;;;;;;;;;;;;;;;;;;;;;;;;;;;;;;;;;;;;;;;;;;;;;;;;;;;;;;;;;;;;;;;;;;;;;;;;;;;;;;;;;;;;;;;;;;;;;;;;;;;;;;;;;;;;;;;;;;;;;;;;;;;;;;;;;;;;;;;;;;;;;;
;;;;;;;;;;;;;;;;;;;;;;;;;;;;;;;;;;;;;;;;;;;;;;;;;;;;;;;;;;;;;;;;;;;;;;;;;;;;;;;;;;;;;;;;;;;;;;;;;;;;;;;;;;;;;;;;;;;;;;;;;;;;;;;;;;;;;;;;;;;;;;;;;;;
;;;;;;;;;;;;;;;;;;;;;;;;;;;;;;;;;;;;;;;;;;;;;;;;;;;;;;;;;;;;;;;;;;;;;;;;;;;;;;;;;;;;;;;;;;;;;;;;;;;;;;;;;;;;;;;;;;;;;;;;;;;;;;;;;;;;;;;;;;;;;;;;;;;
;;;;;;;;;;;;;;;;;;;;;;;;;;;;;;;;;;;;;;;;;;;;;;;;;;;;;;;;;;;;;;;;;;;;;;;;;;;;;;;;;;;;;;;;;;;;;;;;;;;;;;;;;;;;;;;;;;;;;;;;;;;;;;;;;;;;;;;;;;;;;;;;;;;
;;;;;;;;;;;;;;;;;;;;;;;;;;;;;;;;;;;;;;;;;;;;;;;;;;;;;;;;;;;;;;;;;;;;;;;;;;;;;;;;;;;;;;;;;;;;;;;;;;;;;;;;;;;;;;;;;;;;;;;;;;;;;;;;;;;;;;;;;;;;;;;;;;;
;;;;;;;;;;;;;;;;;;;;;;;;;;;;;;;;;;;;;;;;;;;;;;;;;;;;;;;;;;;;;;;;;;;;;;;;;;;;;;;;;;;;;;;;;;;;;;;;;;;;;;;;;;;;;;;;;;;;;;;;;;;;;;;;;;;;;;;;;;;;;;;;;;;
;;;;;;;;;;;;;;;;;;;;;;;;;;;;;;;;;;;;;;;;;;;;;;;;;;;;;;;;;;;;;;;;;;;;;;;;;;;;;;;;;;;;;;;;;;;;;;;;;;;;;;;;;;;;;;;;;;;;;;;;;;;;;;;;;;;;;;;;;;;;;;;;;;;
;;;;;;;;;;;;;;;;;;;;;;;;;;;;;;;;;;;;;;;;;;;;;;;;;;;;;;;;;;;;;;;;;;;;;;;;;;;;;;;;;;;;;;;;;;;;;;;;;;;;;;;;;;;;;;;;;;;;;;;;;;;;;;;;;;;;;;;;;;;;;;;;;;;
;;;;;;;;;;;;;;;;;;;;;;;;;;;;;;;;;;;;;;;;;;;;;;;;;;;;;;;;;;;;;;;;;;;;;;;;;;;;;;;;;;;;;;;;;;;;;;;;;;;;;;;;;;;;;;;;;;;;;;;;;;;;;;;;;;;;;;;;;;;;;;;;;;;
;;;;;;;;;;;;;;;;;;;;;;;;;;;;;;;;;;;;;;;;;;;;;;;;;;;;;;;;;;;;;;;;;;;;;;;;;;;;;;;;;;;;;;;;;;;;;;;;;;;;;;;;;;;;;;;;;;;;;;;;;;;;;;;;;;;;;;;;;;;;;;;;;;;
;;;;;;;;;;;;;;;;;;;;;;;;;;;;;;;;;;;;;;;;;;;;;;;;;;;;;;;;;;;;;;;;;;;;;;;;;;;;;;;;;;;;;;;;;;;;;;;;;;;;;;;;;;;;;;;;;;;;;;;;;;;;;;;;;;;;;;;;;;;;;;;;;;;
;;;;;;;;;;;;;;;;;;;;;;;;;;;;;;;;;;;;;;;;;;;;;;;;;;;;;;;;;;;;;;;;;;;;;;;;;;;;;;;;;;;;;;;;;;;;;;;;;;;;;;;;;;;;;;;;;;;;;;;;;;;;;;;;;;;;;;;;;;;;;;;;;;;
;;;;;;;;;;;;;;;;;;;;;;;;;;;;;;;;;;;;;;;;;;;;;;;;;;;;;;;;;;;;;;;;;;;;;;;;;;;;;;;;;;;;;;;;;;;;;;;;;;;;;;;;;;;;;;;;;;;;;;;;;;;;;;;;;;;;;;;;;;;;;;;;;;;
;;;;;;;;;;;;;;;;;;;;;;;;;;;;;;;;;;;;;;;;;;;;;;;;;;;;;;;;;;;;;;;;;;;;;;;;;;;;;;;;;;;;;;;;;;;;;;;;;;;;;;;;;;;;;;;;;;;;;;;;;;;;;;;;;;;;;;;;;;;;;;;;;;;
;;;;;;;;;;;;;;;;;;;;;;;;;;;;;;;;;;;;;;;;;;;;;;;;;;;;;;;;;;;;;;;;;;;;;;;;;;;;;;;;;;;;;;;;;;;;;;;;;;;;;;;;;;;;;;;;;;;;;;;;;;;;;;;;;;;;;;;;;;;;;;;;;;;
;;;;;;;;;;;;;;;;;;;;;;;;;;;;;;;;;;;;;;;;;;;;;;;;;;;;;;;;;;;;;;;;;;;;;;;;;;;;;;;;;;;;;;;;;;;;;;;;;;;;;;;;;;;;;;;;;;;;;;;;;;;;;;;;;;;;;;;;;;;;;;;;;;;
;;;;;;;;;;;;;;;;;;;;;;;;;;;;;;;;;;;;;;;;;;;;;;;;;;;;;;;;;;;;;;;;;;;;;;;;;;;;;;;;;;;;;;;;;;;;;;;;;;;;;;;;;;;;;;;;;;;;;;;;;;;;;;;;;;;;;;;;;;;;;;;;;;;
;;;;;;;;;;;;;;;;;;;;;;;;;;;;;;;;;;;;;;;;;;;;;;;;;;;;;;;;;;;;;;;;;;;;;;;;;;;;;;;;;;;;;;;;;;;;;;;;;;;;;;;;;;;;;;;;;;;;;;;;;;;;;;;;;;;;;;;;;;;;;;;;;;;
;;;;;;;;;;;;;;;;;;;;;;;;;;;;;;;;;;;;;;;;;;;;;;;;;;;;;;;;;;;;;;;;;;;;;;;;;;;;;;;;;;;;;;;;;;;;;;;;;;;;;;;;;;;;;;;;;;;;;;;;;;;;;;;;;;;;;;;;;;;;;;;;;;;
;;;;;;;;;;;;;;;;;;;;;;;;;;;;;;;;;;;;;;;;;;;;;;;;;;;;;;;;;;;;;;;;;;;;;;;;;;;;;;;;;;;;;;;;;;;;;;;;;;;;;;;;;;;;;;;;;;;;;;;;;;;;;;;;;;;;;;;;;;;;;;;;;;;
;;;;;;;;;;;;;;;;;;;;;;;;;;;;;;;;;;;;;;;;;;;;;;;;;;;;;;;;;;;;;;;;;;;;;;;;;;;;;;;;;;;;;;;;;;;;;;;;;;;;;;;;;;;;;;;;;;;;;;;;;;;;;;;;;;;;;;;;;;;;;;;;;;;
;;;;;;;;;;;;;;;;;;;;;;;;;;;;;;;;;;;;;;;;;;;;;;;;;;;;;;;;;;;;;;;;;;;;;;;;;;;;;;;;;;;;;;;;;;;;;;;;;;;;;;;;;;;;;;;;;;;;;;;;;;;;;;;;;;;;;;;;;;;;;;;;;;;
;;;;;;;;;;;;;;;;;;;;;;;;;;;;;;;;;;;;;;;;;;;;;;;;;;;;;;;;;;;;;;;;;;;;;;;;;;;;;;;;;;;;;;;;;;;;;;;;;;;;;;;;;;;;;;;;;;;;;;;;;;;;;;;;;;;;;;;;;;;;;;;;;;;
;;;;;;;;;;;;;;;;;;;;;;;;;;;;;;;;;;;;;;;;;;;;;;;;;;;;;;;;;;;;;;;;;;;;;;;;;;;;;;;;;;;;;;;;;;;;;;;;;;;;;;;;;;;;;;;;;;;;;;;;;;;;;;;;;;;;;;;;;;;;;;;;;;;
;;;;;;;;;;;;;;;;;;;;;;;;;;;;;;;;;;;;;;;;;;;;;;;;;;;;;;;;;;;;;;;;;;;;;;;;;;;;;;;;;;;;;;;;;;;;;;;;;;;;;;;;;;;;;;;;;;;;;;;;;;;;;;;;;;;;;;;;;;;;;;;;;;;
;;;;;;;;;;;;;;;;;;;;;;;;;;;;;;;;;;;;;;;;;;;;;;;;;;;;;;;;;;;;;;;;;;;;;;;;;;;;;;;;;;;;;;;;;;;;;;;;;;;;;;;;;;;;;;;;;;;;;;;;;;;;;;;;;;;;;;;;;;;;;;;;;;;
;;;;;;;;;;;;;;;;;;;;;;;;;;;;;;;;;;;;;;;;;;;;;;;;;;;;;;;;;;;;;;;;;;;;;;;;;;;;;;;;;;;;;;;;;;;;;;;;;;;;;;;;;;;;;;;;;;;;;;;;;;;;;;;;;;;;;;;;;;;;;;;;;;;
;;;;;;;;;;;;;;;;;;;;;;;;;;;;;;;;;;;;;;;;;;;;;;;;;;;;;;;;;;;;;;;;;;;;;;;;;;;;;;;;;;;;;;;;;;;;;;;;;;;;;;;;;;;;;;;;;;;;;;;;;;;;;;;;;;;;;;;;;;;;;;;;;;;
;;;;;;;;;;;;;;;;;;;;;;;;;;;;;;;;;;;;;;;;;;;;;;;;;;;;;;;;;;;;;;;;;;;;;;;;;;;;;;;;;;;;;;;;;;;;;;;;;;;;;;;;;;;;;;;;;;;;;;;;;;;;;;;;;;;;;;;;;;;;;;;;;;;
;;;;;;;;;;;;;;;;;;;;;;;;;;;;;;;;;;;;;;;;;;;;;;;;;;;;;;;;;;;;;;;;;;;;;;;;;;;;;;;;;;;;;;;;;;;;;;;;;;;;;;;;;;;;;;;;;;;;;;;;;;;;;;;;;;;;;;;;;;;;;;;;;;;
;;;;;;;;;;;;;;;;;;;;;;;;;;;;;;;;;;;;;;;;;;;;;;;;;;;;;;;;;;;;;;;;;;;;;;;;;;;;;;;;;;;;;;;;;;;;;;;;;;;;;;;;;;;;;;;;;;;;;;;;;;;;;;;;;;;;;;;;;;;;;;;;;;;
;;;;;;;;;;;;;;;;;;;;;;;;;;;;;;;;;;;;;;;;;;;;;;;;;;;;;;;;;;;;;;;;;;;;;;;;;;;;;;;;;;;;;;;;;;;;;;;;;;;;;;;;;;;;;;;;;;;;;;;;;;;;;;;;;;;;;;;;;;;;;;;;;;;
;;;;;;;;;;;;;;;;;;;;;;;;;;;;;;;;;;;;;;;;;;;;;;;;;;;;;;;;;;;;;;;;;;;;;;;;;;;;;;;;;;;;;;;;;;;;;;;;;;;;;;;;;;;;;;;;;;;;;;;;;;;;;;;;;;;;;;;;;;;;;;;;;;;
;;;;;;;;;;;;;;;;;;;;;;;;;;;;;;;;;;;;;;;;;;;;;;;;;;;;;;;;;;;;;;;;;;;;;;;;;;;;;;;;;;;;;;;;;;;;;;;;;;;;;;;;;;;;;;;;;;;;;;;;;;;;;;;;;;;;;;;;;;;;;;;;;;;
;;;;;;;;;;;;;;;;;;;;;;;;;;;;;;;;;;;;;;;;;;;;;;;;;;;;;;;;;;;;;;;;;;;;;;;;;;;;;;;;;;;;;;;;;;;;;;;;;;;;;;;;;;;;;;;;;;;;;;;;;;;;;;;;;;;;;;;;;;;;;;;;;;;
;;;;;;;;;;;;;;;;;;;;;;;;;;;;;;;;;;;;;;;;;;;;;;;;;;;;;;;;;;;;;;;;;;;;;;;;;;;;;;;;;;;;;;;;;;;;;;;;;;;;;;;;;;;;;;;;;;;;;;;;;;;;;;;;;;;;;;;;;;;;;;;;;;;
;;;;;;;;;;;;;;;;;;;;;;;;;;;;;;;;;;;;;;;;;;;;;;;;;;;;;;;;;;;;;;;;;;;;;;;;;;;;;;;;;;;;;;;;;;;;;;;;;;;;;;;;;;;;;;;;;;;;;;;;;;;;;;;;;;;;;;;;;;;;;;;;;;;
;;;;;;;;;;;;;;;;;;;;;;;;;;;;;;;;;;;;;;;;;;;;;;;;;;;;;;;;;;;;;;;;;;;;;;;;;;;;;;;;;;;;;;;;;;;;;;;;;;;;;;;;;;;;;;;;;;;;;;;;;;;;;;;;;;;;;;;;;;;;;;;;;;;
;;;;;;;;;;;;;;;;;;;;;;;;;;;;;;;;;;;;;;;;;;;;;;;;;;;;;;;;;;;;;;;;;;;;;;;;;;;;;;;;;;;;;;;;;;;;;;;;;;;;;;;;;;;;;;;;;;;;;;;;;;;;;;;;;;;;;;;;;;;;;;;;;;;
;;;;;;;;;;;;;;;;;;;;;;;;;;;;;;;;;;;;;;;;;;;;;;;;;;;;;;;;;;;;;;;;;;;;;;;;;;;;;;;;;;;;;;;;;;;;;;;;;;;;;;;;;;;;;;;;;;;;;;;;;;;;;;;;;;;;;;;;;;;;;;;;;;;
;;;;;;;;;;;;;;;;;;;;;;;;;;;;;;;;;;;;;;;;;;;;;;;;;;;;;;;;;;;;;;;;;;;;;;;;;;;;;;;;;;;;;;;;;;;;;;;;;;;;;;;;;;;;;;;;;;;;;;;;;;;;;;;;;;;;;;;;;;;;;;;;;;;
;;;;;;;;;;;;;;;;;;;;;;;;;;;;;;;;;;;;;;;;;;;;;;;;;;;;;;;;;;;;;;;;;;;;;;;;;;;;;;;;;;;;;;;;;;;;;;;;;;;;;;;;;;;;;;;;;;;;;;;;;;;;;;;;;;;;;;;;;;;;;;;;;;;
;;;;;;;;;;;;;;;;;;;;;;;;;;;;;;;;;;;;;;;;;;;;;;;;;;;;;;;;;;;;;;;;;;;;;;;;;;;;;;;;;;;;;;;;;;;;;;;;;;;;;;;;;;;;;;;;;;;;;;;;;;;;;;;;;;;;;;;;;;;;;;;;;;;
;;;;;;;;;;;;;;;;;;;;;;;;;;;;;;;;;;;;;;;;;;;;;;;;;;;;;;;;;;;;;;;;;;;;;;;;;;;;;;;;;;;;;;;;;;;;;;;;;;;;;;;;;;;;;;;;;;;;;;;;;;;;;;;;;;;;;;;;;;;;;;;;;;;
;;;;;;;;;;;;;;;;;;;;;;;;;;;;;;;;;;;;;;;;;;;;;;;;;;;;;;;;;;;;;;;;;;;;;;;;;;;;;;;;;;;;;;;;;;;;;;;;;;;;;;;;;;;;;;;;;;;;;;;;;;;;;;;;;;;;;;;;;;;;;;;;;;;
;;;;;;;;;;;;;;;;;;;;;;;;;;;;;;;;;;;;;;;;;;;;;;;;;;;;;;;;;;;;;;;;;;;;;;;;;;;;;;;;;;;;;;;;;;;;;;;;;;;;;;;;;;;;;;;;;;;;;;;;;;;;;;;;;;;;;;;;;;;;;;;;;;;
;;;;;;;;;;;;;;;;;;;;;;;;;;;;;;;;;;;;;;;;;;;;;;;;;;;;;;;;;;;;;;;;;;;;;;;;;;;;;;;;;;;;;;;;;;;;;;;;;;;;;;;;;;;;;;;;;;;;;;;;;;;;;;;;;;;;;;;;;;;;;;;;;;;
;;;;;;;;;;;;;;;;;;;;;;;;;;;;;;;;;;;;;;;;;;;;;;;;;;;;;;;;;;;;;;;;;;;;;;;;;;;;;;;;;;;;;;;;;;;;;;;;;;;;;;;;;;;;;;;;;;;;;;;;;;;;;;;;;;;;;;;;;;;;;;;;;;;
;;;;;;;;;;;;;;;;;;;;;;;;;;;;;;;;;;;;;;;;;;;;;;;;;;;;;;;;;;;;;;;;;;;;;;;;;;;;;;;;;;;;;;;;;;;;;;;;;;;;;;;;;;;;;;;;;;;;;;;;;;;;;;;;;;;;;;;;;;;;;;;;;;;
;;;;;;;;;;;;;;;;;;;;;;;;;;;;;;;;;;;;;;;;;;;;;;;;;;;;;;;;;;;;;;;;;;;;;;;;;;;;;;;;;;;;;;;;;;;;;;;;;;;;;;;;;;;;;;;;;;;;;;;;;;;;;;;;;;;;;;;;;;;;;;;;;;;
;;;;;;;;;;;;;;;;;;;;;;;;;;;;;;;;;;;;;;;;;;;;;;;;;;;;;;;;;;;;;;;;;;;;;;;;;;;;;;;;;;;;;;;;;;;;;;;;;;;;;;;;;;;;;;;;;;;;;;;;;;;;;;;;;;;;;;;;;;;;;;;;;;;
;;;;;;;;;;;;;;;;;;;;;;;;;;;;;;;;;;;;;;;;;;;;;;;;;;;;;;;;;;;;;;;;;;;;;;;;;;;;;;;;;;;;;;;;;;;;;;;;;;;;;;;;;;;;;;;;;;;;;;;;;;;;;;;;;;;;;;;;;;;;;;;;;;;
;;;;;;;;;;;;;;;;;;;;;;;;;;;;;;;;;;;;;;;;;;;;;;;;;;;;;;;;;;;;;;;;;;;;;;;;;;;;;;;;;;;;;;;;;;;;;;;;;;;;;;;;;;;;;;;;;;;;;;;;;;;;;;;;;;;;;;;;;;;;;;;;;;;
;;;;;;;;;;;;;;;;;;;;;;;;;;;;;;;;;;;;;;;;;;;;;;;;;;;;;;;;;;;;;;;;;;;;;;;;;;;;;;;;;;;;;;;;;;;;;;;;;;;;;;;;;;;;;;;;;;;;;;;;;;;;;;;;;;;;;;;;;;;;;;;;;;;
;;;;;;;;;;;;;;;;;;;;;;;;;;;;;;;;;;;;;;;;;;;;;;;;;;;;;;;;;;;;;;;;;;;;;;;;;;;;;;;;;;;;;;;;;;;;;;;;;;;;;;;;;;;;;;;;;;;;;;;;;;;;;;;;;;;;;;;;;;;;;;;;;;;
;;;;;;;;;;;;;;;;;;;;;;;;;;;;;;;;;;;;;;;;;;;;;;;;;;;;;;;;;;;;;;;;;;;;;;;;;;;;;;;;;;;;;;;;;;;;;;;;;;;;;;;;;;;;;;;;;;;;;;;;;;;;;;;;;;;;;;;;;;;;;;;;;;;
;;;;;;;;;;;;;;;;;;;;;;;;;;;;;;;;;;;;;;;;;;;;;;;;;;;;;;;;;;;;;;;;;;;;;;;;;;;;;;;;;;;;;;;;;;;;;;;;;;;;;;;;;;;;;;;;;;;;;;;;;;;;;;;;;;;;;;;;;;;;;;;;;;;
;;;;;;;;;;;;;;;;;;;;;;;;;;;;;;;;;;;;;;;;;;;;;;;;;;;;;;;;;;;;;;;;;;;;;;;;;;;;;;;;;;;;;;;;;;;;;;;;;;;;;;;;;;;;;;;;;;;;;;;;;;;;;;;;;;;;;;;;;;;;;;;;;;;
;;;;;;;;;;;;;;;;;;;;;;;;;;;;;;;;;;;;;;;;;;;;;;;;;;;;;;;;;;;;;;;;;;;;;;;;;;;;;;;;;;;;;;;;;;;;;;;;;;;;;;;;;;;;;;;;;;;;;;;;;;;;;;;;;;;;;;;;;;;;;;;;;;;
;;;;;;;;;;;;;;;;;;;;;;;;;;;;;;;;;;;;;;;;;;;;;;;;;;;;;;;;;;;;;;;;;;;;;;;;;;;;;;;;;;;;;;;;;;;;;;;;;;;;;;;;;;;;;;;;;;;;;;;;;;;;;;;;;;;;;;;;;;;;;;;;;;;
;;;;;;;;;;;;;;;;;;;;;;;;;;;;;;;;;;;;;;;;;;;;;;;;;;;;;;;;;;;;;;;;;;;;;;;;;;;;;;;;;;;;;;;;;;;;;;;;;;;;;;;;;;;;;;;;;;;;;;;;;;;;;;;;;;;;;;;;;;;;;;;;;;;
;;;;;;;;;;;;;;;;;;;;;;;;;;;;;;;;;;;;;;;;;;;;;;;;;;;;;;;;;;;;;;;;;;;;;;;;;;;;;;;;;;;;;;;;;;;;;;;;;;;;;;;;;;;;;;;;;;;;;;;;;;;;;;;;;;;;;;;;;;;;;;;;;;;
;;;;;;;;;;;;;;;;;;;;;;;;;;;;;;;;;;;;;;;;;;;;;;;;;;;;;;;;;;;;;;;;;;;;;;;;;;;;;;;;;;;;;;;;;;;;;;;;;;;;;;;;;;;;;;;;;;;;;;;;;;;;;;;;;;;;;;;;;;;;;;;;;;;
;;;;;;;;;;;;;;;;;;;;;;;;;;;;;;;;;;;;;;;;;;;;;;;;;;;;;;;;;;;;;;;;;;;;;;;;;;;;;;;;;;;;;;;;;;;;;;;;;;;;;;;;;;;;;;;;;;;;;;;;;;;;;;;;;;;;;;;;;;;;;;;;;;;
;;;;;;;;;;;;;;;;;;;;;;;;;;;;;;;;;;;;;;;;;;;;;;;;;;;;;;;;;;;;;;;;;;;;;;;;;;;;;;;;;;;;;;;;;;;;;;;;;;;;;;;;;;;;;;;;;;;;;;;;;;;;;;;;;;;;;;;;;;;;;;;;;;;
;;;;;;;;;;;;;;;;;;;;;;;;;;;;;;;;;;;;;;;;;;;;;;;;;;;;;;;;;;;;;;;;;;;;;;;;;;;;;;;;;;;;;;;;;;;;;;;;;;;;;;;;;;;;;;;;;;;;;;;;;;;;;;;;;;;;;;;;;;;;;;;;;;;
;;;;;;;;;;;;;;;;;;;;;;;;;;;;;;;;;;;;;;;;;;;;;;;;;;;;;;;;;;;;;;;;;;;;;;;;;;;;;;;;;;;;;;;;;;;;;;;;;;;;;;;;;;;;;;;;;;;;;;;;;;;;;;;;;;;;;;;;;;;;;;;;;;;
;;;;;;;;;;;;;;;;;;;;;;;;;;;;;;;;;;;;;;;;;;;;;;;;;;;;;;;;;;;;;;;;;;;;;;;;;;;;;;;;;;;;;;;;;;;;;;;;;;;;;;;;;;;;;;;;;;;;;;;;;;;;;;;;;;;;;;;;;;;;;;;;;;;
;;;;;;;;;;;;;;;;;;;;;;;;;;;;;;;;;;;;;;;;;;;;;;;;;;;;;;;;;;;;;;;;;;;;;;;;;;;;;;;;;;;;;;;;;;;;;;;;;;;;;;;;;;;;;;;;;;;;;;;;;;;;;;;;;;;;;;;;;;;;;;;;;;;
;;;;;;;;;;;;;;;;;;;;;;;;;;;;;;;;;;;;;;;;;;;;;;;;;;;;;;;;;;;;;;;;;;;;;;;;;;;;;;;;;;;;;;;;;;;;;;;;;;;;;;;;;;;;;;;;;;;;;;;;;;;;;;;;;;;;;;;;;;;;;;;;;;;
;;;;;;;;;;;;;;;;;;;;;;;;;;;;;;;;;;;;;;;;;;;;;;;;;;;;;;;;;;;;;;;;;;;;;;;;;;;;;;;;;;;;;;;;;;;;;;;;;;;;;;;;;;;;;;;;;;;;;;;;;;;;;;;;;;;;;;;;;;;;;;;;;;;
;;;;;;;;;;;;;;;;;;;;;;;;;;;;;;;;;;;;;;;;;;;;;;;;;;;;;;;;;;;;;;;;;;;;;;;;;;;;;;;;;;;;;;;;;;;;;;;;;;;;;;;;;;;;;;;;;;;;;;;;;;;;;;;;;;;;;;;;;;;;;;;;;;;
;;;;;;;;;;;;;;;;;;;;;;;;;;;;;;;;;;;;;;;;;;;;;;;;;;;;;;;;;;;;;;;;;;;;;;;;;;;;;;;;;;;;;;;;;;;;;;;;;;;;;;;;;;;;;;;;;;;;;;;;;;;;;;;;;;;;;;;;;;;;;;;;;;;
;;;;;;;;;;;;;;;;;;;;;;;;;;;;;;;;;;;;;;;;;;;;;;;;;;;;;;;;;;;;;;;;;;;;;;;;;;;;;;;;;;;;;;;;;;;;;;;;;;;;;;;;;;;;;;;;;;;;;;;;;;;;;;;;;;;;;;;;;;;;;;;;;;;
;;;;;;;;;;;;;;;;;;;;;;;;;;;;;;;;;;;;;;;;;;;;;;;;;;;;;;;;;;;;;;;;;;;;;;;;;;;;;;;;;;;;;;;;;;;;;;;;;;;;;;;;;;;;;;;;;;;;;;;;;;;;;;;;;;;;;;;;;;;;;;;;;;;
;;;;;;;;;;;;;;;;;;;;;;;;;;;;;;;;;;;;;;;;;;;;;;;;;;;;;;;;;;;;;;;;;;;;;;;;;;;;;;;;;;;;;;;;;;;;;;;;;;;;;;;;;;;;;;;;;;;;;;;;;;;;;;;;;;;;;;;;;;;;;;;;;;;
;;;;;;;;;;;;;;;;;;;;;;;;;;;;;;;;;;;;;;;;;;;;;;;;;;;;;;;;;;;;;;;;;;;;;;;;;;;;;;;;;;;;;;;;;;;;;;;;;;;;;;;;;;;;;;;;;;;;;;;;;;;;;;;;;;;;;;;;;;;;;;;;;;;
;;;;;;;;;;;;;;;;;;;;;;;;;;;;;;;;;;;;;;;;;;;;;;;;;;;;;;;;;;;;;;;;;;;;;;;;;;;;;;;;;;;;;;;;;;;;;;;;;;;;;;;;;;;;;;;;;;;;;;;;;;;;;;;;;;;;;;;;;;;;;;;;;;;
;;;;;;;;;;;;;;;;;;;;;;;;;;;;;;;;;;;;;;;;;;;;;;;;;;;;;;;;;;;;;;;;;;;;;;;;;;;;;;;;;;;;;;;;;;;;;;;;;;;;;;;;;;;;;;;;;;;;;;;;;;;;;;;;;;;;;;;;;;;;;;;;;;;
;;;;;;;;;;;;;;;;;;;;;;;;;;;;;;;;;;;;;;;;;;;;;;;;;;;;;;;;;;;;;;;;;;;;;;;;;;;;;;;;;;;;;;;;;;;;;;;;;;;;;;;;;;;;;;;;;;;;;;;;;;;;;;;;;;;;;;;;;;;;;;;;;;;
;;;;;;;;;;;;;;;;;;;;;;;;;;;;;;;;;;;;;;;;;;;;;;;;;;;;;;;;;;;;;;;;;;;;;;;;;;;;;;;;;;;;;;;;;;;;;;;;;;;;;;;;;;;;;;;;;;;;;;;;;;;;;;;;;;;;;;;;;;;;;;;;;;;
;;;;;;;;;;;;;;;;;;;;;;;;;;;;;;;;;;;;;;;;;;;;;;;;;;;;;;;;;;;;;;;;;;;;;;;;;;;;;;;;;;;;;;;;;;;;;;;;;;;;;;;;;;;;;;;;;;;;;;;;;;;;;;;;;;;;;;;;;;;;;;;;;;;
;;;;;;;;;;;;;;;;;;;;;;;;;;;;;;;;;;;;;;;;;;;;;;;;;;;;;;;;;;;;;;;;;;;;;;;;;;;;;;;;;;;;;;;;;;;;;;;;;;;;;;;;;;;;;;;;;;;;;;;;;;;;;;;;;;;;;;;;;;;;;;;;;;;
;;;;;;;;;;;;;;;;;;;;;;;;;;;;;;;;;;;;;;;;;;;;;;;;;;;;;;;;;;;;;;;;;;;;;;;;;;;;;;;;;;;;;;;;;;;;;;;;;;;;;;;;;;;;;;;;;;;;;;;;;;;;;;;;;;;;;;;;;;;;;;;;;;;
;;;;;;;;;;;;;;;;;;;;;;;;;;;;;;;;;;;;;;;;;;;;;;;;;;;;;;;;;;;;;;;;;;;;;;;;;;;;;;;;;;;;;;;;;;;;;;;;;;;;;;;;;;;;;;;;;;;;;;;;;;;;;;;;;;;;;;;;;;;;;;;;;;;
;;;;;;;;;;;;;;;;;;;;;;;;;;;;;;;;;;;;;;;;;;;;;;;;;;;;;;;;;;;;;;;;;;;;;;;;;;;;;;;;;;;;;;;;;;;;;;;;;;;;;;;;;;;;;;;;;;;;;;;;;;;;;;;;;;;;;;;;;;;;;;;;;;;
;;;;;;;;;;;;;;;;;;;;;;;;;;;;;;;;;;;;;;;;;;;;;;;;;;;;;;;;;;;;;;;;;;;;;;;;;;;;;;;;;;;;;;;;;;;;;;;;;;;;;;;;;;;;;;;;;;;;;;;;;;;;;;;;;;;;;;;;;;;;;;;;;;;
;;;;;;;;;;;;;;;;;;;;;;;;;;;;;;;;;;;;;;;;;;;;;;;;;;;;;;;;;;;;;;;;;;;;;;;;;;;;;;;;;;;;;;;;;;;;;;;;;;;;;;;;;;;;;;;;;;;;;;;;;;;;;;;;;;;;;;;;;;;;;;;;;;;
;;;;;;;;;;;;;;;;;;;;;;;;;;;;;;;;;;;;;;;;;;;;;;;;;;;;;;;;;;;;;;;;;;;;;;;;;;;;;;;;;;;;;;;;;;;;;;;;;;;;;;;;;;;;;;;;;;;;;;;;;;;;;;;;;;;;;;;;;;;;;;;;;;;
;;;;;;;;;;;;;;;;;;;;;;;;;;;;;;;;;;;;;;;;;;;;;;;;;;;;;;;;;;;;;;;;;;;;;;;;;;;;;;;;;;;;;;;;;;;;;;;;;;;;;;;;;;;;;;;;;;;;;;;;;;;;;;;;;;;;;;;;;;;;;;;;;;;
;;;;;;;;;;;;;;;;;;;;;;;;;;;;;;;;;;;;;;;;;;;;;;;;;;;;;;;;;;;;;;;;;;;;;;;;;;;;;;;;;;;;;;;;;;;;;;;;;;;;;;;;;;;;;;;;;;;;;;;;;;;;;;;;;;;;;;;;;;;;;;;;;;;
;;;;;;;;;;;;;;;;;;;;;;;;;;;;;;;;;;;;;;;;;;;;;;;;;;;;;;;;;;;;;;;;;;;;;;;;;;;;;;;;;;;;;;;;;;;;;;;;;;;;;;;;;;;;;;;;;;;;;;;;;;;;;;;;;;;;;;;;;;;;;;;;;;;
;;;;;;;;;;;;;;;;;;;;;;;;;;;;;;;;;;;;;;;;;;;;;;;;;;;;;;;;;;;;;;;;;;;;;;;;;;;;;;;;;;;;;;;;;;;;;;;;;;;;;;;;;;;;;;;;;;;;;;;;;;;;;;;;;;;;;;;;;;;;;;;;;;;
;;;;;;;;;;;;;;;;;;;;;;;;;;;;;;;;;;;;;;;;;;;;;;;;;;;;;;;;;;;;;;;;;;;;;;;;;;;;;;;;;;;;;;;;;;;;;;;;;;;;;;;;;;;;;;;;;;;;;;;;;;;;;;;;;;;;;;;;;;;;;;;;;;;
;;;;;;;;;;;;;;;;;;;;;;;;;;;;;;;;;;;;;;;;;;;;;;;;;;;;;;;;;;;;;;;;;;;;;;;;;;;;;;;;;;;;;;;;;;;;;;;;;;;;;;;;;;;;;;;;;;;;;;;;;;;;;;;;;;;;;;;;;;;;;;;;;;;
;;;;;;;;;;;;;;;;;;;;;;;;;;;;;;;;;;;;;;;;;;;;;;;;;;;;;;;;;;;;;;;;;;;;;;;;;;;;;;;;;;;;;;;;;;;;;;;;;;;;;;;;;;;;;;;;;;;;;;;;;;;;;;;;;;;;;;;;;;;;;;;;;;;
;;;;;;;;;;;;;;;;;;;;;;;;;;;;;;;;;;;;;;;;;;;;;;;;;;;;;;;;;;;;;;;;;;;;;;;;;;;;;;;;;;;;;;;;;;;;;;;;;;;;;;;;;;;;;;;;;;;;;;;;;;;;;;;;;;;;;;;;;;;;;;;;;;;
;;;;;;;;;;;;;;;;;;;;;;;;;;;;;;;;;;;;;;;;;;;;;;;;;;;;;;;;;;;;;;;;;;;;;;;;;;;;;;;;;;;;;;;;;;;;;;;;;;;;;;;;;;;;;;;;;;;;;;;;;;;;;;;;;;;;;;;;;;;;;;;;;;;
;;;;;;;;;;;;;;;;;;;;;;;;;;;;;;;;;;;;;;;;;;;;;;;;;;;;;;;;;;;;;;;;;;;;;;;;;;;;;;;;;;;;;;;;;;;;;;;;;;;;;;;;;;;;;;;;;;;;;;;;;;;;;;;;;;;;;;;;;;;;;;;;;;;
;;;;;;;;;;;;;;;;;;;;;;;;;;;;;;;;;;;;;;;;;;;;;;;;;;;;;;;;;;;;;;;;;;;;;;;;;;;;;;;;;;;;;;;;;;;;;;;;;;;;;;;;;;;;;;;;;;;;;;;;;;;;;;;;;;;;;;;;;;;;;;;;;;;
;;;;;;;;;;;;;;;;;;;;;;;;;;;;;;;;;;;;;;;;;;;;;;;;;;;;;;;;;;;;;;;;;;;;;;;;;;;;;;;;;;;;;;;;;;;;;;;;;;;;;;;;;;;;;;;;;;;;;;;;;;;;;;;;;;;;;;;;;;;;;;;;;;;
;;;;;;;;;;;;;;;;;;;;;;;;;;;;;;;;;;;;;;;;;;;;;;;;;;;;;;;;;;;;;;;;;;;;;;;;;;;;;;;;;;;;;;;;;;;;;;;;;;;;;;;;;;;;;;;;;;;;;;;;;;;;;;;;;;;;;;;;;;;;;;;;;;;
;;;;;;;;;;;;;;;;;;;;;;;;;;;;;;;;;;;;;;;;;;;;;;;;;;;;;;;;;;;;;;;;;;;;;;;;;;;;;;;;;;;;;;;;;;;;;;;;;;;;;;;;;;;;;;;;;;;;;;;;;;;;;;;;;;;;;;;;;;;;;;;;;;;
;;;;;;;;;;;;;;;;;;;;;;;;;;;;;;;;;;;;;;;;;;;;;;;;;;;;;;;;;;;;;;;;;;;;;;;;;;;;;;;;;;;;;;;;;;;;;;;;;;;;;;;;;;;;;;;;;;;;;;;;;;;;;;;;;;;;;;;;;;;;;;;;;;;
;;;;;;;;;;;;;;;;;;;;;;;;;;;;;;;;;;;;;;;;;;;;;;;;;;;;;;;;;;;;;;;;;;;;;;;;;;;;;;;;;;;;;;;;;;;;;;;;;;;;;;;;;;;;;;;;;;;;;;;;;;;;;;;;;;;;;;;;;;;;;;;;;;;
;;;;;;;;;;;;;;;;;;;;;;;;;;;;;;;;;;;;;;;;;;;;;;;;;;;;;;;;;;;;;;;;;;;;;;;;;;;;;;;;;;;;;;;;;;;;;;;;;;;;;;;;;;;;;;;;;;;;;;;;;;;;;;;;;;;;;;;;;;;;;;;;;;;
;;;;;;;;;;;;;;;;;;;;;;;;;;;;;;;;;;;;;;;;;;;;;;;;;;;;;;;;;;;;;;;;;;;;;;;;;;;;;;;;;;;;;;;;;;;;;;;;;;;;;;;;;;;;;;;;;;;;;;;;;;;;;;;;;;;;;;;;;;;;;;;;;;;
;;;;;;;;;;;;;;;;;;;;;;;;;;;;;;;;;;;;;;;;;;;;;;;;;;;;;;;;;;;;;;;;;;;;;;;;;;;;;;;;;;;;;;;;;;;;;;;;;;;;;;;;;;;;;;;;;;;;;;;;;;;;;;;;;;;;;;;;;;;;;;;;;;;
;;;;;;;;;;;;;;;;;;;;;;;;;;;;;;;;;;;;;;;;;;;;;;;;;;;;;;;;;;;;;;;;;;;;;;;;;;;;;;;;;;;;;;;;;;;;;;;;;;;;;;;;;;;;;;;;;;;;;;;;;;;;;;;;;;;;;;;;;;;;;;;;;;;
;;;;;;;;;;;;;;;;;;;;;;;;;;;;;;;;;;;;;;;;;;;;;;;;;;;;;;;;;;;;;;;;;;;;;;;;;;;;;;;;;;;;;;;;;;;;;;;;;;;;;;;;;;;;;;;;;;;;;;;;;;;;;;;;;;;;;;;;;;;;;;;;;;;
;;;;;;;;;;;;;;;;;;;;;;;;;;;;;;;;;;;;;;;;;;;;;;;;;;;;;;;;;;;;;;;;;;;;;;;;;;;;;;;;;;;;;;;;;;;;;;;;;;;;;;;;;;;;;;;;;;;;;;;;;;;;;;;;;;;;;;;;;;;;;;;;;;;
;;;;;;;;;;;;;;;;;;;;;;;;;;;;;;;;;;;;;;;;;;;;;;;;;;;;;;;;;;;;;;;;;;;;;;;;;;;;;;;;;;;;;;;;;;;;;;;;;;;;;;;;;;;;;;;;;;;;;;;;;;;;;;;;;;;;;;;;;;;;;;;;;;;
;;;;;;;;;;;;;;;;;;;;;;;;;;;;;;;;;;;;;;;;;;;;;;;;;;;;;;;;;;;;;;;;;;;;;;;;;;;;;;;;;;;;;;;;;;;;;;;;;;;;;;;;;;;;;;;;;;;;;;;;;;;;;;;;;;;;;;;;;;;;;;;;;;;
;;;;;;;;;;;;;;;;;;;;;;;;;;;;;;;;;;;;;;;;;;;;;;;;;;;;;;;;;;;;;;;;;;;;;;;;;;;;;;;;;;;;;;;;;;;;;;;;;;;;;;;;;;;;;;;;;;;;;;;;;;;;;;;;;;;;;;;;;;;;;;;;;;;
;;;;;;;;;;;;;;;;;;;;;;;;;;;;;;;;;;;;;;;;;;;;;;;;;;;;;;;;;;;;;;;;;;;;;;;;;;;;;;;;;;;;;;;;;;;;;;;;;;;;;;;;;;;;;;;;;;;;;;;;;;;;;;;;;;;;;;;;;;;;;;;;;;;
;;;;;;;;;;;;;;;;;;;;;;;;;;;;;;;;;;;;;;;;;;;;;;;;;;;;;;;;;;;;;;;;;;;;;;;;;;;;;;;;;;;;;;;;;;;;;;;;;;;;;;;;;;;;;;;;;;;;;;;;;;;;;;;;;;;;;;;;;;;;;;;;;;;
;;;;;;;;;;;;;;;;;;;;;;;;;;;;;;;;;;;;;;;;;;;;;;;;;;;;;;;;;;;;;;;;;;;;;;;;;;;;;;;;;;;;;;;;;;;;;;;;;;;;;;;;;;;;;;;;;;;;;;;;;;;;;;;;;;;;;;;;;;;;;;;;;;;
;;;;;;;;;;;;;;;;;;;;;;;;;;;;;;;;;;;;;;;;;;;;;;;;;;;;;;;;;;;;;;;;;;;;;;;;;;;;;;;;;;;;;;;;;;;;;;;;;;;;;;;;;;;;;;;;;;;;;;;;;;;;;;;;;;;;;;;;;;;;;;;;;;;
;;;;;;;;;;;;;;;;;;;;;;;;;;;;;;;;;;;;;;;;;;;;;;;;;;;;;;;;;;;;;;;;;;;;;;;;;;;;;;;;;;;;;;;;;;;;;;;;;;;;;;;;;;;;;;;;;;;;;;;;;;;;;;;;;;;;;;;;;;;;;;;;;;;
;;;;;;;;;;;;;;;;;;;;;;;;;;;;;;;;;;;;;;;;;;;;;;;;;;;;;;;;;;;;;;;;;;;;;;;;;;;;;;;;;;;;;;;;;;;;;;;;;;;;;;;;;;;;;;;;;;;;;;;;;;;;;;;;;;;;;;;;;;;;;;;;;;;
;;;;;;;;;;;;;;;;;;;;;;;;;;;;;;;;;;;;;;;;;;;;;;;;;;;;;;;;;;;;;;;;;;;;;;;;;;;;;;;;;;;;;;;;;;;;;;;;;;;;;;;;;;;;;;;;;;;;;;;;;;;;;;;;;;;;;;;;;;;;;;;;;;;
;;;;;;;;;;;;;;;;;;;;;;;;;;;;;;;;;;;;;;;;;;;;;;;;;;;;;;;;;;;;;;;;;;;;;;;;;;;;;;;;;;;;;;;;;;;;;;;;;;;;;;;;;;;;;;;;;;;;;;;;;;;;;;;;;;;;;;;;;;;;;;;;;;;
;;;;;;;;;;;;;;;;;;;;;;;;;;;;;;;;;;;;;;;;;;;;;;;;;;;;;;;;;;;;;;;;;;;;;;;;;;;;;;;;;;;;;;;;;;;;;;;;;;;;;;;;;;;;;;;;;;;;;;;;;;;;;;;;;;;;;;;;;;;;;;;;;;;
;;;;;;;;;;;;;;;;;;;;;;;;;;;;;;;;;;;;;;;;;;;;;;;;;;;;;;;;;;;;;;;;;;;;;;;;;;;;;;;;;;;;;;;;;;;;;;;;;;;;;;;;;;;;;;;;;;;;;;;;;;;;;;;;;;;;;;;;;;;;;;;;;;;
;;;;;;;;;;;;;;;;;;;;;;;;;;;;;;;;;;;;;;;;;;;;;;;;;;;;;;;;;;;;;;;;;;;;;;;;;;;;;;;;;;;;;;;;;;;;;;;;;;;;;;;;;;;;;;;;;;;;;;;;;;;;;;;;;;;;;;;;;;;;;;;;;;;
;;;;;;;;;;;;;;;;;;;;;;;;;;;;;;;;;;;;;;;;;;;;;;;;;;;;;;;;;;;;;;;;;;;;;;;;;;;;;;;;;;;;;;;;;;;;;;;;;;;;;;;;;;;;;;;;;;;;;;;;;;;;;;;;;;;;;;;;;;;;;;;;;;;
;;;;;;;;;;;;;;;;;;;;;;;;;;;;;;;;;;;;;;;;;;;;;;;;;;;;;;;;;;;;;;;;;;;;;;;;;;;;;;;;;;;;;;;;;;;;;;;;;;;;;;;;;;;;;;;;;;;;;;;;;;;;;;;;;;;;;;;;;;;;;;;;;;;
;;;;;;;;;;;;;;;;;;;;;;;;;;;;;;;;;;;;;;;;;;;;;;;;;;;;;;;;;;;;;;;;;;;;;;;;;;;;;;;;;;;;;;;;;;;;;;;;;;;;;;;;;;;;;;;;;;;;;;;;;;;;;;;;;;;;;;;;;;;;;;;;;;;
;;;;;;;;;;;;;;;;;;;;;;;;;;;;;;;;;;;;;;;;;;;;;;;;;;;;;;;;;;;;;;;;;;;;;;;;;;;;;;;;;;;;;;;;;;;;;;;;;;;;;;;;;;;;;;;;;;;;;;;;;;;;;;;;;;;;;;;;;;;;;;;;;;;
;;;;;;;;;;;;;;;;;;;;;;;;;;;;;;;;;;;;;;;;;;;;;;;;;;;;;;;;;;;;;;;;;;;;;;;;;;;;;;;;;;;;;;;;;;;;;;;;;;;;;;;;;;;;;;;;;;;;;;;;;;;;;;;;;;;;;;;;;;;;;;;;;;;
;;;;;;;;;;;;;;;;;;;;;;;;;;;;;;;;;;;;;;;;;;;;;;;;;;;;;;;;;;;;;;;;;;;;;;;;;;;;;;;;;;;;;;;;;;;;;;;;;;;;;;;;;;;;;;;;;;;;;;;;;;;;;;;;;;;;;;;;;;;;;;;;;;;
;;;;;;;;;;;;;;;;;;;;;;;;;;;;;;;;;;;;;;;;;;;;;;;;;;;;;;;;;;;;;;;;;;;;;;;;;;;;;;;;;;;;;;;;;;;;;;;;;;;;;;;;;;;;;;;;;;;;;;;;;;;;;;;;;;;;;;;;;;;;;;;;;;;
;;;;;;;;;;;;;;;;;;;;;;;;;;;;;;;;;;;;;;;;;;;;;;;;;;;;;;;;;;;;;;;;;;;;;;;;;;;;;;;;;;;;;;;;;;;;;;;;;;;;;;;;;;;;;;;;;;;;;;;;;;;;;;;;;;;;;;;;;;;;;;;;;;;
;;;;;;;;;;;;;;;;;;;;;;;;;;;;;;;;;;;;;;;;;;;;;;;;;;;;;;;;;;;;;;;;;;;;;;;;;;;;;;;;;;;;;;;;;;;;;;;;;;;;;;;;;;;;;;;;;;;;;;;;;;;;;;;;;;;;;;;;;;;;;;;;;;;
;;;;;;;;;;;;;;;;;;;;;;;;;;;;;;;;;;;;;;;;;;;;;;;;;;;;;;;;;;;;;;;;;;;;;;;;;;;;;;;;;;;;;;;;;;;;;;;;;;;;;;;;;;;;;;;;;;;;;;;;;;;;;;;;;;;;;;;;;;;;;;;;;;;
;;;;;;;;;;;;;;;;;;;;;;;;;;;;;;;;;;;;;;;;;;;;;;;;;;;;;;;;;;;;;;;;;;;;;;;;;;;;;;;;;;;;;;;;;;;;;;;;;;;;;;;;;;;;;;;;;;;;;;;;;;;;;;;;;;;;;;;;;;;;;;;;;;;
;;;;;;;;;;;;;;;;;;;;;;;;;;;;;;;;;;;;;;;;;;;;;;;;;;;;;;;;;;;;;;;;;;;;;;;;;;;;;;;;;;;;;;;;;;;;;;;;;;;;;;;;;;;;;;;;;;;;;;;;;;;;;;;;;;;;;;;;;;;;;;;;;;;
;;;;;;;;;;;;;;;;;;;;;;;;;;;;;;;;;;;;;;;;;;;;;;;;;;;;;;;;;;;;;;;;;;;;;;;;;;;;;;;;;;;;;;;;;;;;;;;;;;;;;;;;;;;;;;;;;;;;;;;;;;;;;;;;;;;;;;;;;;;;;;;;;;;
;;;;;;;;;;;;;;;;;;;;;;;;;;;;;;;;;;;;;;;;;;;;;;;;;;;;;;;;;;;;;;;;;;;;;;;;;;;;;;;;;;;;;;;;;;;;;;;;;;;;;;;;;;;;;;;;;;;;;;;;;;;;;;;;;;;;;;;;;;;;;;;;;;;
;;;;;;;;;;;;;;;;;;;;;;;;;;;;;;;;;;;;;;;;;;;;;;;;;;;;;;;;;;;;;;;;;;;;;;;;;;;;;;;;;;;;;;;;;;;;;;;;;;;;;;;;;;;;;;;;;;;;;;;;;;;;;;;;;;;;;;;;;;;;;;;;;;;
;;;;;;;;;;;;;;;;;;;;;;;;;;;;;;;;;;;;;;;;;;;;;;;;;;;;;;;;;;;;;;;;;;;;;;;;;;;;;;;;;;;;;;;;;;;;;;;;;;;;;;;;;;;;;;;;;;;;;;;;;;;;;;;;;;;;;;;;;;;;;;;;;;;
;;;;;;;;;;;;;;;;;;;;;;;;;;;;;;;;;;;;;;;;;;;;;;;;;;;;;;;;;;;;;;;;;;;;;;;;;;;;;;;;;;;;;;;;;;;;;;;;;;;;;;;;;;;;;;;;;;;;;;;;;;;;;;;;;;;;;;;;;;;;;;;;;;;
;;;;;;;;;;;;;;;;;;;;;;;;;;;;;;;;;;;;;;;;;;;;;;;;;;;;;;;;;;;;;;;;;;;;;;;;;;;;;;;;;;;;;;;;;;;;;;;;;;;;;;;;;;;;;;;;;;;;;;;;;;;;;;;;;;;;;;;;;;;;;;;;;;;
;;;;;;;;;;;;;;;;;;;;;;;;;;;;;;;;;;;;;;;;;;;;;;;;;;;;;;;;;;;;;;;;;;;;;;;;;;;;;;;;;;;;;;;;;;;;;;;;;;;;;;;;;;;;;;;;;;;;;;;;;;;;;;;;;;;;;;;;;;;;;;;;;;;
;;;;;;;;;;;;;;;;;;;;;;;;;;;;;;;;;;;;;;;;;;;;;;;;;;;;;;;;;;;;;;;;;;;;;;;;;;;;;;;;;;;;;;;;;;;;;;;;;;;;;;;;;;;;;;;;;;;;;;;;;;;;;;;;;;;;;;;;;;;;;;;;;;;
;;;;;;;;;;;;;;;;;;;;;;;;;;;;;;;;;;;;;;;;;;;;;;;;;;;;;;;;;;;;;;;;;;;;;;;;;;;;;;;;;;;;;;;;;;;;;;;;;;;;;;;;;;;;;;;;;;;;;;;;;;;;;;;;;;;;;;;;;;;;;;;;;;;
;;;;;;;;;;;;;;;;;;;;;;;;;;;;;;;;;;;;;;;;;;;;;;;;;;;;;;;;;;;;;;;;;;;;;;;;;;;;;;;;;;;;;;;;;;;;;;;;;;;;;;;;;;;;;;;;;;;;;;;;;;;;;;;;;;;;;;;;;;;;;;;;;;;
;;;;;;;;;;;;;;;;;;;;;;;;;;;;;;;;;;;;;;;;;;;;;;;;;;;;;;;;;;;;;;;;;;;;;;;;;;;;;;;;;;;;;;;;;;;;;;;;;;;;;;;;;;;;;;;;;;;;;;;;;;;;;;;;;;;;;;;;;;;;;;;;;;;
;;;;;;;;;;;;;;;;;;;;;;;;;;;;;;;;;;;;;;;;;;;;;;;;;;;;;;;;;;;;;;;;;;;;;;;;;;;;;;;;;;;;;;;;;;;;;;;;;;;;;;;;;;;;;;;;;;;;;;;;;;;;;;;;;;;;;;;;;;;;;;;;;;;
;;;;;;;;;;;;;;;;;;;;;;;;;;;;;;;;;;;;;;;;;;;;;;;;;;;;;;;;;;;;;;;;;;;;;;;;;;;;;;;;;;;;;;;;;;;;;;;;;;;;;;;;;;;;;;;;;;;;;;;;;;;;;;;;;;;;;;;;;;;;;;;;;;;
;;;;;;;;;;;;;;;;;;;;;;;;;;;;;;;;;;;;;;;;;;;;;;;;;;;;;;;;;;;;;;;;;;;;;;;;;;;;;;;;;;;;;;;;;;;;;;;;;;;;;;;;;;;;;;;;;;;;;;;;;;;;;;;;;;;;;;;;;;;;;;;;;;;
;;;;;;;;;;;;;;;;;;;;;;;;;;;;;;;;;;;;;;;;;;;;;;;;;;;;;;;;;;;;;;;;;;;;;;;;;;;;;;;;;;;;;;;;;;;;;;;;;;;;;;;;;;;;;;;;;;;;;;;;;;;;;;;;;;;;;;;;;;;;;;;;;;;
;;;;;;;;;;;;;;;;;;;;;;;;;;;;;;;;;;;;;;;;;;;;;;;;;;;;;;;;;;;;;;;;;;;;;;;;;;;;;;;;;;;;;;;;;;;;;;;;;;;;;;;;;;;;;;;;;;;;;;;;;;;;;;;;;;;;;;;;;;;;;;;;;;;
;;;;;;;;;;;;;;;;;;;;;;;;;;;;;;;;;;;;;;;;;;;;;;;;;;;;;;;;;;;;;;;;;;;;;;;;;;;;;;;;;;;;;;;;;;;;;;;;;;;;;;;;;;;;;;;;;;;;;;;;;;;;;;;;;;;;;;;;;;;;;;;;;;;
;;;;;;;;;;;;;;;;;;;;;;;;;;;;;;;;;;;;;;;;;;;;;;;;;;;;;;;;;;;;;;;;;;;;;;;;;;;;;;;;;;;;;;;;;;;;;;;;;;;;;;;;;;;;;;;;;;;;;;;;;;;;;;;;;;;;;;;;;;;;;;;;;;;
;;;;;;;;;;;;;;;;;;;;;;;;;;;;;;;;;;;;;;;;;;;;;;;;;;;;;;;;;;;;;;;;;;;;;;;;;;;;;;;;;;;;;;;;;;;;;;;;;;;;;;;;;;;;;;;;;;;;;;;;;;;;;;;;;;;;;;;;;;;;;;;;;;;
;;;;;;;;;;;;;;;;;;;;;;;;;;;;;;;;;;;;;;;;;;;;;;;;;;;;;;;;;;;;;;;;;;;;;;;;;;;;;;;;;;;;;;;;;;;;;;;;;;;;;;;;;;;;;;;;;;;;;;;;;;;;;;;;;;;;;;;;;;;;;;;;;;;
;;;;;;;;;;;;;;;;;;;;;;;;;;;;;;;;;;;;;;;;;;;;;;;;;;;;;;;;;;;;;;;;;;;;;;;;;;;;;;;;;;;;;;;;;;;;;;;;;;;;;;;;;;;;;;;;;;;;;;;;;;;;;;;;;;;;;;;;;;;;;;;;;;;
;;;;;;;;;;;;;;;;;;;;;;;;;;;;;;;;;;;;;;;;;;;;;;;;;;;;;;;;;;;;;;;;;;;;;;;;;;;;;;;;;;;;;;;;;;;;;;;;;;;;;;;;;;;;;;;;;;;;;;;;;;;;;;;;;;;;;;;;;;;;;;;;;;;
;;;;;;;;;;;;;;;;;;;;;;;;;;;;;;;;;;;;;;;;;;;;;;;;;;;;;;;;;;;;;;;;;;;;;;;;;;;;;;;;;;;;;;;;;;;;;;;;;;;;;;;;;;;;;;;;;;;;;;;;;;;;;;;;;;;;;;;;;;;;;;;;;;;
;;;;;;;;;;;;;;;;;;;;;;;;;;;;;;;;;;;;;;;;;;;;;;;;;;;;;;;;;;;;;;;;;;;;;;;;;;;;;;;;;;;;;;;;;;;;;;;;;;;;;;;;;;;;;;;;;;;;;;;;;;;;;;;;;;;;;;;;;;;;;;;;;;;
;;;;;;;;;;;;;;;;;;;;;;;;;;;;;;;;;;;;;;;;;;;;;;;;;;;;;;;;;;;;;;;;;;;;;;;;;;;;;;;;;;;;;;;;;;;;;;;;;;;;;;;;;;;;;;;;;;;;;;;;;;;;;;;;;;;;;;;;;;;;;;;;;;;
;;;;;;;;;;;;;;;;;;;;;;;;;;;;;;;;;;;;;;;;;;;;;;;;;;;;;;;;;;;;;;;;;;;;;;;;;;;;;;;;;;;;;;;;;;;;;;;;;;;;;;;;;;;;;;;;;;;;;;;;;;;;;;;;;;;;;;;;;;;;;;;;;;;
;;;;;;;;;;;;;;;;;;;;;;;;;;;;;;;;;;;;;;;;;;;;;;;;;;;;;;;;;;;;;;;;;;;;;;;;;;;;;;;;;;;;;;;;;;;;;;;;;;;;;;;;;;;;;;;;;;;;;;;;;;;;;;;;;;;;;;;;;;;;;;;;;;;
;;;;;;;;;;;;;;;;;;;;;;;;;;;;;;;;;;;;;;;;;;;;;;;;;;;;;;;;;;;;;;;;;;;;;;;;;;;;;;;;;;;;;;;;;;;;;;;;;;;;;;;;;;;;;;;;;;;;;;;;;;;;;;;;;;;;;;;;;;;;;;;;;;;
;;;;;;;;;;;;;;;;;;;;;;;;;;;;;;;;;;;;;;;;;;;;;;;;;;;;;;;;;;;;;;;;;;;;;;;;;;;;;;;;;;;;;;;;;;;;;;;;;;;;;;;;;;;;;;;;;;;;;;;;;;;;;;;;;;;;;;;;;;;;;;;;;;;
;;;;;;;;;;;;;;;;;;;;;;;;;;;;;;;;;;;;;;;;;;;;;;;;;;;;;;;;;;;;;;;;;;;;;;;;;;;;;;;;;;;;;;;;;;;;;;;;;;;;;;;;;;;;;;;;;;;;;;;;;;;;;;;;;;;;;;;;;;;;;;;;;;;
;;;;;;;;;;;;;;;;;;;;;;;;;;;;;;;;;;;;;;;;;;;;;;;;;;;;;;;;;;;;;;;;;;;;;;;;;;;;;;;;;;;;;;;;;;;;;;;;;;;;;;;;;;;;;;;;;;;;;;;;;;;;;;;;;;;;;;;;;;;;;;;;;;;
;;;;;;;;;;;;;;;;;;;;;;;;;;;;;;;;;;;;;;;;;;;;;;;;;;;;;;;;;;;;;;;;;;;;;;;;;;;;;;;;;;;;;;;;;;;;;;;;;;;;;;;;;;;;;;;;;;;;;;;;;;;;;;;;;;;;;;;;;;;;;;;;;;;
;;;;;;;;;;;;;;;;;;;;;;;;;;;;;;;;;;;;;;;;;;;;;;;;;;;;;;;;;;;;;;;;;;;;;;;;;;;;;;;;;;;;;;;;;;;;;;;;;;;;;;;;;;;;;;;;;;;;;;;;;;;;;;;;;;;;;;;;;;;;;;;;;;;
;;;;;;;;;;;;;;;;;;;;;;;;;;;;;;;;;;;;;;;;;;;;;;;;;;;;;;;;;;;;;;;;;;;;;;;;;;;;;;;;;;;;;;;;;;;;;;;;;;;;;;;;;;;;;;;;;;;;;;;;;;;;;;;;;;;;;;;;;;;;;;;;;;;
;;;;;;;;;;;;;;;;;;;;;;;;;;;;;;;;;;;;;;;;;;;;;;;;;;;;;;;;;;;;;;;;;;;;;;;;;;;;;;;;;;;;;;;;;;;;;;;;;;;;;;;;;;;;;;;;;;;;;;;;;;;;;;;;;;;;;;;;;;;;;;;;;;;
;;;;;;;;;;;;;;;;;;;;;;;;;;;;;;;;;;;;;;;;;;;;;;;;;;;;;;;;;;;;;;;;;;;;;;;;;;;;;;;;;;;;;;;;;;;;;;;;;;;;;;;;;;;;;;;;;;;;;;;;;;;;;;;;;;;;;;;;;;;;;;;;;;;
;;;;;;;;;;;;;;;;;;;;;;;;;;;;;;;;;;;;;;;;;;;;;;;;;;;;;;;;;;;;;;;;;;;;;;;;;;;;;;;;;;;;;;;;;;;;;;;;;;;;;;;;;;;;;;;;;;;;;;;;;;;;;;;;;;;;;;;;;;;;;;;;;;;
;;;;;;;;;;;;;;;;;;;;;;;;;;;;;;;;;;;;;;;;;;;;;;;;;;;;;;;;;;;;;;;;;;;;;;;;;;;;;;;;;;;;;;;;;;;;;;;;;;;;;;;;;;;;;;;;;;;;;;;;;;;;;;;;;;;;;;;;;;;;;;;;;;;
;;;;;;;;;;;;;;;;;;;;;;;;;;;;;;;;;;;;;;;;;;;;;;;;;;;;;;;;;;;;;;;;;;;;;;;;;;;;;;;;;;;;;;;;;;;;;;;;;;;;;;;;;;;;;;;;;;;;;;;;;;;;;;;;;;;;;;;;;;;;;;;;;;;
;;;;;;;;;;;;;;;;;;;;;;;;;;;;;;;;;;;;;;;;;;;;;;;;;;;;;;;;;;;;;;;;;;;;;;;;;;;;;;;;;;;;;;;;;;;;;;;;;;;;;;;;;;;;;;;;;;;;;;;;;;;;;;;;;;;;;;;;;;;;;;;;;;;
;;;;;;;;;;;;;;;;;;;;;;;;;;;;;;;;;;;;;;;;;;;;;;;;;;;;;;;;;;;;;;;;;;;;;;;;;;;;;;;;;;;;;;;;;;;;;;;;;;;;;;;;;;;;;;;;;;;;;;;;;;;;;;;;;;;;;;;;;;;;;;;;;;;
;;;;;;;;;;;;;;;;;;;;;;;;;;;;;;;;;;;;;;;;;;;;;;;;;;;;;;;;;;;;;;;;;;;;;;;;;;;;;;;;;;;;;;;;;;;;;;;;;;;;;;;;;;;;;;;;;;;;;;;;;;;;;;;;;;;;;;;;;;;;;;;;;;;
;;;;;;;;;;;;;;;;;;;;;;;;;;;;;;;;;;;;;;;;;;;;;;;;;;;;;;;;;;;;;;;;;;;;;;;;;;;;;;;;;;;;;;;;;;;;;;;;;;;;;;;;;;;;;;;;;;;;;;;;;;;;;;;;;;;;;;;;;;;;;;;;;;;
;;;;;;;;;;;;;;;;;;;;;;;;;;;;;;;;;;;;;;;;;;;;;;;;;;;;;;;;;;;;;;;;;;;;;;;;;;;;;;;;;;;;;;;;;;;;;;;;;;;;;;;;;;;;;;;;;;;;;;;;;;;;;;;;;;;;;;;;;;;;;;;;;;;
;;;;;;;;;;;;;;;;;;;;;;;;;;;;;;;;;;;;;;;;;;;;;;;;;;;;;;;;;;;;;;;;;;;;;;;;;;;;;;;;;;;;;;;;;;;;;;;;;;;;;;;;;;;;;;;;;;;;;;;;;;;;;;;;;;;;;;;;;;;;;;;;;;;
;;;;;;;;;;;;;;;;;;;;;;;;;;;;;;;;;;;;;;;;;;;;;;;;;;;;;;;;;;;;;;;;;;;;;;;;;;;;;;;;;;;;;;;;;;;;;;;;;;;;;;;;;;;;;;;;;;;;;;;;;;;;;;;;;;;;;;;;;;;;;;;;;;;
;;;;;;;;;;;;;;;;;;;;;;;;;;;;;;;;;;;;;;;;;;;;;;;;;;;;;;;;;;;;;;;;;;;;;;;;;;;;;;;;;;;;;;;;;;;;;;;;;;;;;;;;;;;;;;;;;;;;;;;;;;;;;;;;;;;;;;;;;;;;;;;;;;;
;;;;;;;;;;;;;;;;;;;;;;;;;;;;;;;;;;;;;;;;;;;;;;;;;;;;;;;;;;;;;;;;;;;;;;;;;;;;;;;;;;;;;;;;;;;;;;;;;;;;;;;;;;;;;;;;;;;;;;;;;;;;;;;;;;;;;;;;;;;;;;;;;;;
;;;;;;;;;;;;;;;;;;;;;;;;;;;;;;;;;;;;;;;;;;;;;;;;;;;;;;;;;;;;;;;;;;;;;;;;;;;;;;;;;;;;;;;;;;;;;;;;;;;;;;;;;;;;;;;;;;;;;;;;;;;;;;;;;;;;;;;;;;;;;;;;;;;
;;;;;;;;;;;;;;;;;;;;;;;;;;;;;;;;;;;;;;;;;;;;;;;;;;;;;;;;;;;;;;;;;;;;;;;;;;;;;;;;;;;;;;;;;;;;;;;;;;;;;;;;;;;;;;;;;;;;;;;;;;;;;;;;;;;;;;;;;;;;;;;;;;;
;;;;;;;;;;;;;;;;;;;;;;;;;;;;;;;;;;;;;;;;;;;;;;;;;;;;;;;;;;;;;;;;;;;;;;;;;;;;;;;;;;;;;;;;;;;;;;;;;;;;;;;;;;;;;;;;;;;;;;;;;;;;;;;;;;;;;;;;;;;;;;;;;;;
;;;;;;;;;;;;;;;;;;;;;;;;;;;;;;;;;;;;;;;;;;;;;;;;;;;;;;;;;;;;;;;;;;;;;;;;;;;;;;;;;;;;;;;;;;;;;;;;;;;;;;;;;;;;;;;;;;;;;;;;;;;;;;;;;;;;;;;;;;;;;;;;;;;
;;;;;;;;;;;;;;;;;;;;;;;;;;;;;;;;;;;;;;;;;;;;;;;;;;;;;;;;;;;;;;;;;;;;;;;;;;;;;;;;;;;;;;;;;;;;;;;;;;;;;;;;;;;;;;;;;;;;;;;;;;;;;;;;;;;;;;;;;;;;;;;;;;;
;;;;;;;;;;;;;;;;;;;;;;;;;;;;;;;;;;;;;;;;;;;;;;;;;;;;;;;;;;;;;;;;;;;;;;;;;;;;;;;;;;;;;;;;;;;;;;;;;;;;;;;;;;;;;;;;;;;;;;;;;;;;;;;;;;;;;;;;;;;;;;;;;;;
;;;;;;;;;;;;;;;;;;;;;;;;;;;;;;;;;;;;;;;;;;;;;;;;;;;;;;;;;;;;;;;;;;;;;;;;;;;;;;;;;;;;;;;;;;;;;;;;;;;;;;;;;;;;;;;;;;;;;;;;;;;;;;;;;;;;;;;;;;;;;;;;;;;
;;;;;;;;;;;;;;;;;;;;;;;;;;;;;;;;;;;;;;;;;;;;;;;;;;;;;;;;;;;;;;;;;;;;;;;;;;;;;;;;;;;;;;;;;;;;;;;;;;;;;;;;;;;;;;;;;;;;;;;;;;;;;;;;;;;;;;;;;;;;;;;;;;;
;;;;;;;;;;;;;;;;;;;;;;;;;;;;;;;;;;;;;;;;;;;;;;;;;;;;;;;;;;;;;;;;;;;;;;;;;;;;;;;;;;;;;;;;;;;;;;;;;;;;;;;;;;;;;;;;;;;;;;;;;;;;;;;;;;;;;;;;;;;;;;;;;;;
;;;;;;;;;;;;;;;;;;;;;;;;;;;;;;;;;;;;;;;;;;;;;;;;;;;;;;;;;;;;;;;;;;;;;;;;;;;;;;;;;;;;;;;;;;;;;;;;;;;;;;;;;;;;;;;;;;;;;;;;;;;;;;;;;;;;;;;;;;;;;;;;;;;
;;;;;;;;;;;;;;;;;;;;;;;;;;;;;;;;;;;;;;;;;;;;;;;;;;;;;;;;;;;;;;;;;;;;;;;;;;;;;;;;;;;;;;;;;;;;;;;;;;;;;;;;;;;;;;;;;;;;;;;;;;;;;;;;;;;;;;;;;;;;;;;;;;;
;;;;;;;;;;;;;;;;;;;;;;;;;;;;;;;;;;;;;;;;;;;;;;;;;;;;;;;;;;;;;;;;;;;;;;;;;;;;;;;;;;;;;;;;;;;;;;;;;;;;;;;;;;;;;;;;;;;;;;;;;;;;;;;;;;;;;;;;;;;;;;;;;;;
;;;;;;;;;;;;;;;;;;;;;;;;;;;;;;;;;;;;;;;;;;;;;;;;;;;;;;;;;;;;;;;;;;;;;;;;;;;;;;;;;;;;;;;;;;;;;;;;;;;;;;;;;;;;;;;;;;;;;;;;;;;;;;;;;;;;;;;;;;;;;;;;;;;
;;;;;;;;;;;;;;;;;;;;;;;;;;;;;;;;;;;;;;;;;;;;;;;;;;;;;;;;;;;;;;;;;;;;;;;;;;;;;;;;;;;;;;;;;;;;;;;;;;;;;;;;;;;;;;;;;;;;;;;;;;;;;;;;;;;;;;;;;;;;;;;;;;;
;;;;;;;;;;;;;;;;;;;;;;;;;;;;;;;;;;;;;;;;;;;;;;;;;;;;;;;;;;;;;;;;;;;;;;;;;;;;;;;;;;;;;;;;;;;;;;;;;;;;;;;;;;;;;;;;;;;;;;;;;;;;;;;;;;;;;;;;;;;;;;;;;;;
;;;;;;;;;;;;;;;;;;;;;;;;;;;;;;;;;;;;;;;;;;;;;;;;;;;;;;;;;;;;;;;;;;;;;;;;;;;;;;;;;;;;;;;;;;;;;;;;;;;;;;;;;;;;;;;;;;;;;;;;;;;;;;;;;;;;;;;;;;;;;;;;;;;
;;;;;;;;;;;;;;;;;;;;;;;;;;;;;;;;;;;;;;;;;;;;;;;;;;;;;;;;;;;;;;;;;;;;;;;;;;;;;;;;;;;;;;;;;;;;;;;;;;;;;;;;;;;;;;;;;;;;;;;;;;;;;;;;;;;;;;;;;;;;;;;;;;;
;;;;;;;;;;;;;;;;;;;;;;;;;;;;;;;;;;;;;;;;;;;;;;;;;;;;;;;;;;;;;;;;;;;;;;;;;;;;;;;;;;;;;;;;;;;;;;;;;;;;;;;;;;;;;;;;;;;;;;;;;;;;;;;;;;;;;;;;;;;;;;;;;;;
;;;;;;;;;;;;;;;;;;;;;;;;;;;;;;;;;;;;;;;;;;;;;;;;;;;;;;;;;;;;;;;;;;;;;;;;;;;;;;;;;;;;;;;;;;;;;;;;;;;;;;;;;;;;;;;;;;;;;;;;;;;;;;;;;;;;;;;;;;;;;;;;;;;
;;;;;;;;;;;;;;;;;;;;;;;;;;;;;;;;;;;;;;;;;;;;;;;;;;;;;;;;;;;;;;;;;;;;;;;;;;;;;;;;;;;;;;;;;;;;;;;;;;;;;;;;;;;;;;;;;;;;;;;;;;;;;;;;;;;;;;;;;;;;;;;;;;;
;;;;;;;;;;;;;;;;;;;;;;;;;;;;;;;;;;;;;;;;;;;;;;;;;;;;;;;;;;;;;;;;;;;;;;;;;;;;;;;;;;;;;;;;;;;;;;;;;;;;;;;;;;;;;;;;;;;;;;;;;;;;;;;;;;;;;;;;;;;;;;;;;;;
;;;;;;;;;;;;;;;;;;;;;;;;;;;;;;;;;;;;;;;;;;;;;;;;;;;;;;;;;;;;;;;;;;;;;;;;;;;;;;;;;;;;;;;;;;;;;;;;;;;;;;;;;;;;;;;;;;;;;;;;;;;;;;;;;;;;;;;;;;;;;;;;;;;
;;;;;;;;;;;;;;;;;;;;;;;;;;;;;;;;;;;;;;;;;;;;;;;;;;;;;;;;;;;;;;;;;;;;;;;;;;;;;;;;;;;;;;;;;;;;;;;;;;;;;;;;;;;;;;;;;;;;;;;;;;;;;;;;;;;;;;;;;;;;;;;;;;;
;;;;;;;;;;;;;;;;;;;;;;;;;;;;;;;;;;;;;;;;;;;;;;;;;;;;;;;;;;;;;;;;;;;;;;;;;;;;;;;;;;;;;;;;;;;;;;;;;;;;;;;;;;;;;;;;;;;;;;;;;;;;;;;;;;;;;;;;;;;;;;;;;;;
;;;;;;;;;;;;;;;;;;;;;;;;;;;;;;;;;;;;;;;;;;;;;;;;;;;;;;;;;;;;;;;;;;;;;;;;;;;;;;;;;;;;;;;;;;;;;;;;;;;;;;;;;;;;;;;;;;;;;;;;;;;;;;;;;;;;;;;;;;;;;;;;;;;
;;;;;;;;;;;;;;;;;;;;;;;;;;;;;;;;;;;;;;;;;;;;;;;;;;;;;;;;;;;;;;;;;;;;;;;;;;;;;;;;;;;;;;;;;;;;;;;;;;;;;;;;;;;;;;;;;;;;;;;;;;;;;;;;;;;;;;;;;;;;;;;;;;;
;;;;;;;;;;;;;;;;;;;;;;;;;;;;;;;;;;;;;;;;;;;;;;;;;;;;;;;;;;;;;;;;;;;;;;;;;;;;;;;;;;;;;;;;;;;;;;;;;;;;;;;;;;;;;;;;;;;;;;;;;;;;;;;;;;;;;;;;;;;;;;;;;;;
;;;;;;;;;;;;;;;;;;;;;;;;;;;;;;;;;;;;;;;;;;;;;;;;;;;;;;;;;;;;;;;;;;;;;;;;;;;;;;;;;;;;;;;;;;;;;;;;;;;;;;;;;;;;;;;;;;;;;;;;;;;;;;;;;;;;;;;;;;;;;;;;;;;
;;;;;;;;;;;;;;;;;;;;;;;;;;;;;;;;;;;;;;;;;;;;;;;;;;;;;;;;;;;;;;;;;;;;;;;;;;;;;;;;;;;;;;;;;;;;;;;;;;;;;;;;;;;;;;;;;;;;;;;;;;;;;;;;;;;;;;;;;;;;;;;;;;;
;;;;;;;;;;;;;;;;;;;;;;;;;;;;;;;;;;;;;;;;;;;;;;;;;;;;;;;;;;;;;;;;;;;;;;;;;;;;;;;;;;;;;;;;;;;;;;;;;;;;;;;;;;;;;;;;;;;;;;;;;;;;;;;;;;;;;;;;;;;;;;;;;;;
;;;;;;;;;;;;;;;;;;;;;;;;;;;;;;;;;;;;;;;;;;;;;;;;;;;;;;;;;;;;;;;;;;;;;;;;;;;;;;;;;;;;;;;;;;;;;;;;;;;;;;;;;;;;;;;;;;;;;;;;;;;;;;;;;;;;;;;;;;;;;;;;;;;
;;;;;;;;;;;;;;;;;;;;;;;;;;;;;;;;;;;;;;;;;;;;;;;;;;;;;;;;;;;;;;;;;;;;;;;;;;;;;;;;;;;;;;;;;;;;;;;;;;;;;;;;;;;;;;;;;;;;;;;;;;;;;;;;;;;;;;;;;;;;;;;;;;;
;;;;;;;;;;;;;;;;;;;;;;;;;;;;;;;;;;;;;;;;;;;;;;;;;;;;;;;;;;;;;;;;;;;;;;;;;;;;;;;;;;;;;;;;;;;;;;;;;;;;;;;;;;;;;;;;;;;;;;;;;;;;;;;;;;;;;;;;;;;;;;;;;;;
;;;;;;;;;;;;;;;;;;;;;;;;;;;;;;;;;;;;;;;;;;;;;;;;;;;;;;;;;;;;;;;;;;;;;;;;;;;;;;;;;;;;;;;;;;;;;;;;;;;;;;;;;;;;;;;;;;;;;;;;;;;;;;;;;;;;;;;;;;;;;;;;;;;
;;;;;;;;;;;;;;;;;;;;;;;;;;;;;;;;;;;;;;;;;;;;;;;;;;;;;;;;;;;;;;;;;;;;;;;;;;;;;;;;;;;;;;;;;;;;;;;;;;;;;;;;;;;;;;;;;;;;;;;;;;;;;;;;;;;;;;;;;;;;;;;;;;;
;;;;;;;;;;;;;;;;;;;;;;;;;;;;;;;;;;;;;;;;;;;;;;;;;;;;;;;;;;;;;;;;;;;;;;;;;;;;;;;;;;;;;;;;;;;;;;;;;;;;;;;;;;;;;;;;;;;;;;;;;;;;;;;;;;;;;;;;;;;;;;;;;;;
;;;;;;;;;;;;;;;;;;;;;;;;;;;;;;;;;;;;;;;;;;;;;;;;;;;;;;;;;;;;;;;;;;;;;;;;;;;;;;;;;;;;;;;;;;;;;;;;;;;;;;;;;;;;;;;;;;;;;;;;;;;;;;;;;;;;;;;;;;;;;;;;;;;
;;;;;;;;;;;;;;;;;;;;;;;;;;;;;;;;;;;;;;;;;;;;;;;;;;;;;;;;;;;;;;;;;;;;;;;;;;;;;;;;;;;;;;;;;;;;;;;;;;;;;;;;;;;;;;;;;;;;;;;;;;;;;;;;;;;;;;;;;;;;;;;;;;;
;;;;;;;;;;;;;;;;;;;;;;;;;;;;;;;;;;;;;;;;;;;;;;;;;;;;;;;;;;;;;;;;;;;;;;;;;;;;;;;;;;;;;;;;;;;;;;;;;;;;;;;;;;;;;;;;;;;;;;;;;;;;;;;;;;;;;;;;;;;;;;;;;;;
;;;;;;;;;;;;;;;;;;;;;;;;;;;;;;;;;;;;;;;;;;;;;;;;;;;;;;;;;;;;;;;;;;;;;;;;;;;;;;;;;;;;;;;;;;;;;;;;;;;;;;;;;;;;;;;;;;;;;;;;;;;;;;;;;;;;;;;;;;;;;;;;;;;
;;;;;;;;;;;;;;;;;;;;;;;;;;;;;;;;;;;;;;;;;;;;;;;;;;;;;;;;;;;;;;;;;;;;;;;;;;;;;;;;;;;;;;;;;;;;;;;;;;;;;;;;;;;;;;;;;;;;;;;;;;;;;;;;;;;;;;;;;;;;;;;;;;;
;;;;;;;;;;;;;;;;;;;;;;;;;;;;;;;;;;;;;;;;;;;;;;;;;;;;;;;;;;;;;;;;;;;;;;;;;;;;;;;;;;;;;;;;;;;;;;;;;;;;;;;;;;;;;;;;;;;;;;;;;;;;;;;;;;;;;;;;;;;;;;;;;;;
;;;;;;;;;;;;;;;;;;;;;;;;;;;;;;;;;;;;;;;;;;;;;;;;;;;;;;;;;;;;;;;;;;;;;;;;;;;;;;;;;;;;;;;;;;;;;;;;;;;;;;;;;;;;;;;;;;;;;;;;;;;;;;;;;;;;;;;;;;;;;;;;;;;
;;;;;;;;;;;;;;;;;;;;;;;;;;;;;;;;;;;;;;;;;;;;;;;;;;;;;;;;;;;;;;;;;;;;;;;;;;;;;;;;;;;;;;;;;;;;;;;;;;;;;;;;;;;;;;;;;;;;;;;;;;;;;;;;;;;;;;;;;;;;;;;;;;;
;;;;;;;;;;;;;;;;;;;;;;;;;;;;;;;;;;;;;;;;;;;;;;;;;;;;;;;;;;;;;;;;;;;;;;;;;;;;;;;;;;;;;;;;;;;;;;;;;;;;;;;;;;;;;;;;;;;;;;;;;;;;;;;;;;;;;;;;;;;;;;;;;;;
;;;;;;;;;;;;;;;;;;;;;;;;;;;;;;;;;;;;;;;;;;;;;;;;;;;;;;;;;;;;;;;;;;;;;;;;;;;;;;;;;;;;;;;;;;;;;;;;;;;;;;;;;;;;;;;;;;;;;;;;;;;;;;;;;;;;;;;;;;;;;;;;;;;
;;;;;;;;;;;;;;;;;;;;;;;;;;;;;;;;;;;;;;;;;;;;;;;;;;;;;;;;;;;;;;;;;;;;;;;;;;;;;;;;;;;;;;;;;;;;;;;;;;;;;;;;;;;;;;;;;;;;;;;;;;;;;;;;;;;;;;;;;;;;;;;;;;;
;;;;;;;;;;;;;;;;;;;;;;;;;;;;;;;;;;;;;;;;;;;;;;;;;;;;;;;;;;;;;;;;;;;;;;;;;;;;;;;;;;;;;;;;;;;;;;;;;;;;;;;;;;;;;;;;;;;;;;;;;;;;;;;;;;;;;;;;;;;;;;;;;;;
;;;;;;;;;;;;;;;;;;;;;;;;;;;;;;;;;;;;;;;;;;;;;;;;;;;;;;;;;;;;;;;;;;;;;;;;;;;;;;;;;;;;;;;;;;;;;;;;;;;;;;;;;;;;;;;;;;;;;;;;;;;;;;;;;;;;;;;;;;;;;;;;;;;
;;;;;;;;;;;;;;;;;;;;;;;;;;;;;;;;;;;;;;;;;;;;;;;;;;;;;;;;;;;;;;;;;;;;;;;;;;;;;;;;;;;;;;;;;;;;;;;;;;;;;;;;;;;;;;;;;;;;;;;;;;;;;;;;;;;;;;;;;;;;;;;;;;;
;;;;;;;;;;;;;;;;;;;;;;;;;;;;;;;;;;;;;;;;;;;;;;;;;;;;;;;;;;;;;;;;;;;;;;;;;;;;;;;;;;;;;;;;;;;;;;;;;;;;;;;;;;;;;;;;;;;;;;;;;;;;;;;;;;;;;;;;;;;;;;;;;;;
;;;;;;;;;;;;;;;;;;;;;;;;;;;;;;;;;;;;;;;;;;;;;;;;;;;;;;;;;;;;;;;;;;;;;;;;;;;;;;;;;;;;;;;;;;;;;;;;;;;;;;;;;;;;;;;;;;;;;;;;;;;;;;;;;;;;;;;;;;;;;;;;;;;
;;;;;;;;;;;;;;;;;;;;;;;;;;;;;;;;;;;;;;;;;;;;;;;;;;;;;;;;;;;;;;;;;;;;;;;;;;;;;;;;;;;;;;;;;;;;;;;;;;;;;;;;;;;;;;;;;;;;;;;;;;;;;;;;;;;;;;;;;;;;;;;;;;;
;;;;;;;;;;;;;;;;;;;;;;;;;;;;;;;;;;;;;;;;;;;;;;;;;;;;;;;;;;;;;;;;;;;;;;;;;;;;;;;;;;;;;;;;;;;;;;;;;;;;;;;;;;;;;;;;;;;;;;;;;;;;;;;;;;;;;;;;;;;;;;;;;;;
;;;;;;;;;;;;;;;;;;;;;;;;;;;;;;;;;;;;;;;;;;;;;;;;;;;;;;;;;;;;;;;;;;;;;;;;;;;;;;;;;;;;;;;;;;;;;;;;;;;;;;;;;;;;;;;;;;;;;;;;;;;;;;;;;;;;;;;;;;;;;;;;;;;
;;;;;;;;;;;;;;;;;;;;;;;;;;;;;;;;;;;;;;;;;;;;;;;;;;;;;;;;;;;;;;;;;;;;;;;;;;;;;;;;;;;;;;;;;;;;;;;;;;;;;;;;;;;;;;;;;;;;;;;;;;;;;;;;;;;;;;;;;;;;;;;;;;;
;;;;;;;;;;;;;;;;;;;;;;;;;;;;;;;;;;;;;;;;;;;;;;;;;;;;;;;;;;;;;;;;;;;;;;;;;;;;;;;;;;;;;;;;;;;;;;;;;;;;;;;;;;;;;;;;;;;;;;;;;;;;;;;;;;;;;;;;;;;;;;;;;;;
;;;;;;;;;;;;;;;;;;;;;;;;;;;;;;;;;;;;;;;;;;;;;;;;;;;;;;;;;;;;;;;;;;;;;;;;;;;;;;;;;;;;;;;;;;;;;;;;;;;;;;;;;;;;;;;;;;;;;;;;;;;;;;;;;;;;;;;;;;;;;;;;;;;
;;;;;;;;;;;;;;;;;;;;;;;;;;;;;;;;;;;;;;;;;;;;;;;;;;;;;;;;;;;;;;;;;;;;;;;;;;;;;;;;;;;;;;;;;;;;;;;;;;;;;;;;;;;;;;;;;;;;;;;;;;;;;;;;;;;;;;;;;;;;;;;;;;;
;;;;;;;;;;;;;;;;;;;;;;;;;;;;;;;;;;;;;;;;;;;;;;;;;;;;;;;;;;;;;;;;;;;;;;;;;;;;;;;;;;;;;;;;;;;;;;;;;;;;;;;;;;;;;;;;;;;;;;;;;;;;;;;;;;;;;;;;;;;;;;;;;;;
;;;;;;;;;;;;;;;;;;;;;;;;;;;;;;;;;;;;;;;;;;;;;;;;;;;;;;;;;;;;;;;;;;;;;;;;;;;;;;;;;;;;;;;;;;;;;;;;;;;;;;;;;;;;;;;;;;;;;;;;;;;;;;;;;;;;;;;;;;;;;;;;;;;
;;;;;;;;;;;;;;;;;;;;;;;;;;;;;;;;;;;;;;;;;;;;;;;;;;;;;;;;;;;;;;;;;;;;;;;;;;;;;;;;;;;;;;;;;;;;;;;;;;;;;;;;;;;;;;;;;;;;;;;;;;;;;;;;;;;;;;;;;;;;;;;;;;;
;;;;;;;;;;;;;;;;;;;;;;;;;;;;;;;;;;;;;;;;;;;;;;;;;;;;;;;;;;;;;;;;;;;;;;;;;;;;;;;;;;;;;;;;;;;;;;;;;;;;;;;;;;;;;;;;;;;;;;;;;;;;;;;;;;;;;;;;;;;;;;;;;;;
;;;;;;;;;;;;;;;;;;;;;;;;;;;;;;;;;;;;;;;;;;;;;;;;;;;;;;;;;;;;;;;;;;;;;;;;;;;;;;;;;;;;;;;;;;;;;;;;;;;;;;;;;;;;;;;;;;;;;;;;;;;;;;;;;;;;;;;;;;;;;;;;;;;
;;;;;;;;;;;;;;;;;;;;;;;;;;;;;;;;;;;;;;;;;;;;;;;;;;;;;;;;;;;;;;;;;;;;;;;;;;;;;;;;;;;;;;;;;;;;;;;;;;;;;;;;;;;;;;;;;;;;;;;;;;;;;;;;;;;;;;;;;;;;;;;;;;;
;;;;;;;;;;;;;;;;;;;;;;;;;;;;;;;;;;;;;;;;;;;;;;;;;;;;;;;;;;;;;;;;;;;;;;;;;;;;;;;;;;;;;;;;;;;;;;;;;;;;;;;;;;;;;;;;;;;;;;;;;;;;;;;;;;;;;;;;;;;;;;;;;;;
;;;;;;;;;;;;;;;;;;;;;;;;;;;;;;;;;;;;;;;;;;;;;;;;;;;;;;;;;;;;;;;;;;;;;;;;;;;;;;;;;;;;;;;;;;;;;;;;;;;;;;;;;;;;;;;;;;;;;;;;;;;;;;;;;;;;;;;;;;;;;;;;;;;
;;;;;;;;;;;;;;;;;;;;;;;;;;;;;;;;;;;;;;;;;;;;;;;;;;;;;;;;;;;;;;;;;;;;;;;;;;;;;;;;;;;;;;;;;;;;;;;;;;;;;;;;;;;;;;;;;;;;;;;;;;;;;;;;;;;;;;;;;;;;;;;;;;;
;;;;;;;;;;;;;;;;;;;;;;;;;;;;;;;;;;;;;;;;;;;;;;;;;;;;;;;;;;;;;;;;;;;;;;;;;;;;;;;;;;;;;;;;;;;;;;;;;;;;;;;;;;;;;;;;;;;;;;;;;;;;;;;;;;;;;;;;;;;;;;;;;;;
;;;;;;;;;;;;;;;;;;;;;;;;;;;;;;;;;;;;;;;;;;;;;;;;;;;;;;;;;;;;;;;;;;;;;;;;;;;;;;;;;;;;;;;;;;;;;;;;;;;;;;;;;;;;;;;;;;;;;;;;;;;;;;;;;;;;;;;;;;;;;;;;;;;
;;;;;;;;;;;;;;;;;;;;;;;;;;;;;;;;;;;;;;;;;;;;;;;;;;;;;;;;;;;;;;;;;;;;;;;;;;;;;;;;;;;;;;;;;;;;;;;;;;;;;;;;;;;;;;;;;;;;;;;;;;;;;;;;;;;;;;;;;;;;;;;;;;;
;;;;;;;;;;;;;;;;;;;;;;;;;;;;;;;;;;;;;;;;;;;;;;;;;;;;;;;;;;;;;;;;;;;;;;;;;;;;;;;;;;;;;;;;;;;;;;;;;;;;;;;;;;;;;;;;;;;;;;;;;;;;;;;;;;;;;;;;;;;;;;;;;;;
;;;;;;;;;;;;;;;;;;;;;;;;;;;;;;;;;;;;;;;;;;;;;;;;;;;;;;;;;;;;;;;;;;;;;;;;;;;;;;;;;;;;;;;;;;;;;;;;;;;;;;;;;;;;;;;;;;;;;;;;;;;;;;;;;;;;;;;;;;;;;;;;;;;
;;;;;;;;;;;;;;;;;;;;;;;;;;;;;;;;;;;;;;;;;;;;;;;;;;;;;;;;;;;;;;;;;;;;;;;;;;;;;;;;;;;;;;;;;;;;;;;;;;;;;;;;;;;;;;;;;;;;;;;;;;;;;;;;;;;;;;;;;;;;;;;;;;;
;;;;;;;;;;;;;;;;;;;;;;;;;;;;;;;;;;;;;;;;;;;;;;;;;;;;;;;;;;;;;;;;;;;;;;;;;;;;;;;;;;;;;;;;;;;;;;;;;;;;;;;;;;;;;;;;;;;;;;;;;;;;;;;;;;;;;;;;;;;;;;;;;;;
;;;;;;;;;;;;;;;;;;;;;;;;;;;;;;;;;;;;;;;;;;;;;;;;;;;;;;;;;;;;;;;;;;;;;;;;;;;;;;;;;;;;;;;;;;;;;;;;;;;;;;;;;;;;;;;;;;;;;;;;;;;;;;;;;;;;;;;;;;;;;;;;;;;
;;;;;;;;;;;;;;;;;;;;;;;;;;;;;;;;;;;;;;;;;;;;;;;;;;;;;;;;;;;;;;;;;;;;;;;;;;;;;;;;;;;;;;;;;;;;;;;;;;;;;;;;;;;;;;;;;;;;;;;;;;;;;;;;;;;;;;;;;;;;;;;;;;;
;;;;;;;;;;;;;;;;;;;;;;;;;;;;;;;;;;;;;;;;;;;;;;;;;;;;;;;;;;;;;;;;;;;;;;;;;;;;;;;;;;;;;;;;;;;;;;;;;;;;;;;;;;;;;;;;;;;;;;;;;;;;;;;;;;;;;;;;;;;;;;;;;;;
;;;;;;;;;;;;;;;;;;;;;;;;;;;;;;;;;;;;;;;;;;;;;;;;;;;;;;;;;;;;;;;;;;;;;;;;;;;;;;;;;;;;;;;;;;;;;;;;;;;;;;;;;;;;;;;;;;;;;;;;;;;;;;;;;;;;;;;;;;;;;;;;;;;
;;;;;;;;;;;;;;;;;;;;;;;;;;;;;;;;;;;;;;;;;;;;;;;;;;;;;;;;;;;;;;;;;;;;;;;;;;;;;;;;;;;;;;;;;;;;;;;;;;;;;;;;;;;;;;;;;;;;;;;;;;;;;;;;;;;;;;;;;;;;;;;;;;;
;;;;;;;;;;;;;;;;;;;;;;;;;;;;;;;;;;;;;;;;;;;;;;;;;;;;;;;;;;;;;;;;;;;;;;;;;;;;;;;;;;;;;;;;;;;;;;;;;;;;;;;;;;;;;;;;;;;;;;;;;;;;;;;;;;;;;;;;;;;;;;;;;;;
;;;;;;;;;;;;;;;;;;;;;;;;;;;;;;;;;;;;;;;;;;;;;;;;;;;;;;;;;;;;;;;;;;;;;;;;;;;;;;;;;;;;;;;;;;;;;;;;;;;;;;;;;;;;;;;;;;;;;;;;;;;;;;;;;;;;;;;;;;;;;;;;;;;
;;;;;;;;;;;;;;;;;;;;;;;;;;;;;;;;;;;;;;;;;;;;;;;;;;;;;;;;;;;;;;;;;;;;;;;;;;;;;;;;;;;;;;;;;;;;;;;;;;;;;;;;;;;;;;;;;;;;;;;;;;;;;;;;;;;;;;;;;;;;;;;;;;;
;;;;;;;;;;;;;;;;;;;;;;;;;;;;;;;;;;;;;;;;;;;;;;;;;;;;;;;;;;;;;;;;;;;;;;;;;;;;;;;;;;;;;;;;;;;;;;;;;;;;;;;;;;;;;;;;;;;;;;;;;;;;;;;;;;;;;;;;;;;;;;;;;;;
;;;;;;;;;;;;;;;;;;;;;;;;;;;;;;;;;;;;;;;;;;;;;;;;;;;;;;;;;;;;;;;;;;;;;;;;;;;;;;;;;;;;;;;;;;;;;;;;;;;;;;;;;;;;;;;;;;;;;;;;;;;;;;;;;;;;;;;;;;;;;;;;;;;
;;;;;;;;;;;;;;;;;;;;;;;;;;;;;;;;;;;;;;;;;;;;;;;;;;;;;;;;;;;;;;;;;;;;;;;;;;;;;;;;;;;;;;;;;;;;;;;;;;;;;;;;;;;;;;;;;;;;;;;;;;;;;;;;;;;;;;;;;;;;;;;;;;;
;;;;;;;;;;;;;;;;;;;;;;;;;;;;;;;;;;;;;;;;;;;;;;;;;;;;;;;;;;;;;;;;;;;;;;;;;;;;;;;;;;;;;;;;;;;;;;;;;;;;;;;;;;;;;;;;;;;;;;;;;;;;;;;;;;;;;;;;;;;;;;;;;;;
;;;;;;;;;;;;;;;;;;;;;;;;;;;;;;;;;;;;;;;;;;;;;;;;;;;;;;;;;;;;;;;;;;;;;;;;;;;;;;;;;;;;;;;;;;;;;;;;;;;;;;;;;;;;;;;;;;;;;;;;;;;;;;;;;;;;;;;;;;;;;;;;;;;
;;;;;;;;;;;;;;;;;;;;;;;;;;;;;;;;;;;;;;;;;;;;;;;;;;;;;;;;;;;;;;;;;;;;;;;;;;;;;;;;;;;;;;;;;;;;;;;;;;;;;;;;;;;;;;;;;;;;;;;;;;;;;;;;;;;;;;;;;;;;;;;;;;;
;;;;;;;;;;;;;;;;;;;;;;;;;;;;;;;;;;;;;;;;;;;;;;;;;;;;;;;;;;;;;;;;;;;;;;;;;;;;;;;;;;;;;;;;;;;;;;;;;;;;;;;;;;;;;;;;;;;;;;;;;;;;;;;;;;;;;;;;;;;;;;;;;;;
;;;;;;;;;;;;;;;;;;;;;;;;;;;;;;;;;;;;;;;;;;;;;;;;;;;;;;;;;;;;;;;;;;;;;;;;;;;;;;;;;;;;;;;;;;;;;;;;;;;;;;;;;;;;;;;;;;;;;;;;;;;;;;;;;;;;;;;;;;;;;;;;;;;
;;;;;;;;;;;;;;;;;;;;;;;;;;;;;;;;;;;;;;;;;;;;;;;;;;;;;;;;;;;;;;;;;;;;;;;;;;;;;;;;;;;;;;;;;;;;;;;;;;;;;;;;;;;;;;;;;;;;;;;;;;;;;;;;;;;;;;;;;;;;;;;;;;;
;;;;;;;;;;;;;;;;;;;;;;;;;;;;;;;;;;;;;;;;;;;;;;;;;;;;;;;;;;;;;;;;;;;;;;;;;;;;;;;;;;;;;;;;;;;;;;;;;;;;;;;;;;;;;;;;;;;;;;;;;;;;;;;;;;;;;;;;;;;;;;;;;;;
;;;;;;;;;;;;;;;;;;;;;;;;;;;;;;;;;;;;;;;;;;;;;;;;;;;;;;;;;;;;;;;;;;;;;;;;;;;;;;;;;;;;;;;;;;;;;;;;;;;;;;;;;;;;;;;;;;;;;;;;;;;;;;;;;;;;;;;;;;;;;;;;;;;
;;;;;;;;;;;;;;;;;;;;;;;;;;;;;;;;;;;;;;;;;;;;;;;;;;;;;;;;;;;;;;;;;;;;;;;;;;;;;;;;;;;;;;;;;;;;;;;;;;;;;;;;;;;;;;;;;;;;;;;;;;;;;;;;;;;;;;;;;;;;;;;;;;;
;;;;;;;;;;;;;;;;;;;;;;;;;;;;;;;;;;;;;;;;;;;;;;;;;;;;;;;;;;;;;;;;;;;;;;;;;;;;;;;;;;;;;;;;;;;;;;;;;;;;;;;;;;;;;;;;;;;;;;;;;;;;;;;;;;;;;;;;;;;;;;;;;;;
;;;;;;;;;;;;;;;;;;;;;;;;;;;;;;;;;;;;;;;;;;;;;;;;;;;;;;;;;;;;;;;;;;;;;;;;;;;;;;;;;;;;;;;;;;;;;;;;;;;;;;;;;;;;;;;;;;;;;;;;;;;;;;;;;;;;;;;;;;;;;;;;;;;
;;;;;;;;;;;;;;;;;;;;;;;;;;;;;;;;;;;;;;;;;;;;;;;;;;;;;;;;;;;;;;;;;;;;;;;;;;;;;;;;;;;;;;;;;;;;;;;;;;;;;;;;;;;;;;;;;;;;;;;;;;;;;;;;;;;;;;;;;;;;;;;;;;;
;;;;;;;;;;;;;;;;;;;;;;;;;;;;;;;;;;;;;;;;;;;;;;;;;;;;;;;;;;;;;;;;;;;;;;;;;;;;;;;;;;;;;;;;;;;;;;;;;;;;;;;;;;;;;;;;;;;;;;;;;;;;;;;;;;;;;;;;;;;;;;;;;;;
;;;;;;;;;;;;;;;;;;;;;;;;;;;;;;;;;;;;;;;;;;;;;;;;;;;;;;;;;;;;;;;;;;;;;;;;;;;;;;;;;;;;;;;;;;;;;;;;;;;;;;;;;;;;;;;;;;;;;;;;;;;;;;;;;;;;;;;;;;;;;;;;;;;
